scenario,biased_males_init,biased_females_init,p_initial,repetition,seed,label_swap,winner,generations
A_1pct_no_female,2,0,0.0100,6,19769,False,unbiased,1
A_1pct_no_female,2,0,0.0100,7,19770,False,unbiased,1
A_1pct_no_female,2,0,0.0100,8,19771,False,unbiased,1
A_1pct_no_female,2,0,0.0100,9,19772,False,unbiased,1
A_1pct_no_female,2,0,0.0100,10,19773,False,unbiased,1
A_1pct_no_female,2,0,0.0100,1,19764,False,unbiased,1
A_1pct_no_female,2,0,0.0100,2,19765,False,unbiased,1
A_1pct_no_female,2,0,0.0100,3,19766,False,unbiased,1
A_1pct_no_female,2,0,0.0100,4,19767,False,unbiased,1
A_1pct_no_female,2,0,0.0100,5,19768,False,unbiased,1
C_5pct_one_female,10,1,0.0500,6,50880,False,unbiased,5
C_5pct_one_female,10,1,0.0500,7,50881,False,unbiased,2
C_5pct_one_female,10,1,0.0500,8,50882,False,unbiased,14
C_5pct_one_female,10,1,0.0500,9,50883,False,unbiased,3
C_5pct_one_female,10,1,0.0500,10,50884,False,biased,21
D_5pct_two_females,10,2,0.0500,1,13252,False,unbiased,7
D_5pct_two_females,10,2,0.0500,2,13253,False,unbiased,10
D_5pct_two_females,10,2,0.0500,3,13254,False,biased,20
D_5pct_two_females,10,2,0.0500,4,13255,False,unbiased,7
D_5pct_two_females,10,2,0.0500,5,13256,False,unbiased,4
E_25pct_two_females,50,2,0.2500,6,42196,False,unbiased,13
E_25pct_two_females,50,2,0.2500,7,42197,False,biased,10
E_25pct_two_females,50,2,0.2500,8,42198,False,biased,15
E_25pct_two_females,50,2,0.2500,9,42199,False,biased,13
E_25pct_two_females,50,2,0.2500,10,42200,False,unbiased,9
B_1pct_one_female,2,1,0.0100,1,60639,False,unbiased,3
B_1pct_one_female,2,1,0.0100,2,60640,False,unbiased,3
B_1pct_one_female,2,1,0.0100,3,60641,False,biased,35
B_1pct_one_female,2,1,0.0100,4,60642,False,unbiased,10
B_1pct_one_female,2,1,0.0100,5,60643,False,biased,25
E_25pct_two_females,50,2,0.2500,1,42191,False,biased,26
E_25pct_two_females,50,2,0.2500,2,42192,False,biased,17
E_25pct_two_females,50,2,0.2500,3,42193,False,biased,13
E_25pct_two_females,50,2,0.2500,4,42194,False,unbiased,10
E_25pct_two_females,50,2,0.2500,5,42195,False,unbiased,12
B_1pct_one_female,2,1,0.0100,6,60644,False,unbiased,19
B_1pct_one_female,2,1,0.0100,7,60645,False,biased,46
B_1pct_one_female,2,1,0.0100,8,60646,False,unbiased,4
B_1pct_one_female,2,1,0.0100,9,60647,False,unbiased,8
B_1pct_one_female,2,1,0.0100,10,60648,False,unbiased,9
C_5pct_one_female,10,1,0.0500,1,50875,False,unbiased,4
C_5pct_one_female,10,1,0.0500,2,50876,False,biased,13
C_5pct_one_female,10,1,0.0500,3,50877,False,unbiased,3
C_5pct_one_female,10,1,0.0500,4,50878,False,unbiased,6
C_5pct_one_female,10,1,0.0500,5,50879,False,biased,66
D_5pct_two_females,10,2,0.0500,6,13257,False,biased,35
D_5pct_two_females,10,2,0.0500,7,13258,False,biased,14
D_5pct_two_females,10,2,0.0500,8,13259,False,unbiased,45
D_5pct_two_females,10,2,0.0500,9,13260,False,unbiased,6
D_5pct_two_females,10,2,0.0500,10,13261,False,biased,16
