config,repetition,seed,rare_type,winner,generations
A_blue_rare,21,84905,biased,unbiased,1
A_blue_rare,22,84906,biased,unbiased,2
A_blue_rare,23,84907,biased,unbiased,1
A_blue_rare,24,84908,biased,unbiased,3
A_blue_rare,25,84909,biased,unbiased,1
A_blue_rare,26,84910,biased,unbiased,1
A_blue_rare,27,84911,biased,unbiased,3
A_blue_rare,28,84912,biased,unbiased,1
A_blue_rare,29,84913,biased,unbiased,1
A_blue_rare,30,84914,biased,unbiased,2
A_blue_rare,31,84915,biased,unbiased,2
A_blue_rare,32,84916,biased,unbiased,1
A_blue_rare,33,84917,biased,unbiased,1
A_blue_rare,34,84918,biased,unbiased,1
A_blue_rare,35,84919,biased,unbiased,1
A_blue_rare,36,84920,biased,unbiased,1
A_blue_rare,37,84921,biased,unbiased,2
A_blue_rare,38,84922,biased,unbiased,1
A_blue_rare,39,84923,biased,unbiased,1
A_blue_rare,40,84924,biased,unbiased,1
A_blue_rare,161,85045,biased,unbiased,1
A_blue_rare,162,85046,biased,unbiased,2
A_blue_rare,163,85047,biased,unbiased,1
A_blue_rare,164,85048,biased,unbiased,4
A_blue_rare,165,85049,biased,unbiased,1
A_blue_rare,166,85050,biased,unbiased,2
A_blue_rare,167,85051,biased,unbiased,1
A_blue_rare,168,85052,biased,unbiased,1
A_blue_rare,169,85053,biased,unbiased,1
A_blue_rare,170,85054,biased,unbiased,1
A_blue_rare,171,85055,biased,unbiased,3
A_blue_rare,172,85056,biased,unbiased,2
A_blue_rare,173,85057,biased,unbiased,1
A_blue_rare,174,85058,biased,unbiased,3
A_blue_rare,175,85059,biased,unbiased,2
A_blue_rare,176,85060,biased,unbiased,1
A_blue_rare,177,85061,biased,unbiased,1
A_blue_rare,178,85062,biased,unbiased,1
A_blue_rare,179,85063,biased,unbiased,1
A_blue_rare,180,85064,biased,unbiased,1
A_blue_rare,181,85065,biased,unbiased,2
A_blue_rare,182,85066,biased,unbiased,1
A_blue_rare,183,85067,biased,unbiased,1
A_blue_rare,184,85068,biased,unbiased,3
A_blue_rare,185,85069,biased,unbiased,2
A_blue_rare,186,85070,biased,unbiased,1
A_blue_rare,187,85071,biased,unbiased,1
A_blue_rare,188,85072,biased,unbiased,2
A_blue_rare,189,85073,biased,unbiased,2
A_blue_rare,190,85074,biased,unbiased,1
A_blue_rare,191,85075,biased,unbiased,1
A_blue_rare,192,85076,biased,unbiased,1
A_blue_rare,193,85077,biased,unbiased,1
A_blue_rare,194,85078,biased,unbiased,1
A_blue_rare,195,85079,biased,unbiased,1
A_blue_rare,196,85080,biased,unbiased,4
A_blue_rare,197,85081,biased,unbiased,1
A_blue_rare,198,85082,biased,unbiased,1
A_blue_rare,199,85083,biased,unbiased,1
A_blue_rare,200,85084,biased,unbiased,1
A_blue_rare,61,84945,biased,unbiased,2
A_blue_rare,62,84946,biased,unbiased,3
A_blue_rare,63,84947,biased,unbiased,2
A_blue_rare,64,84948,biased,unbiased,1
A_blue_rare,65,84949,biased,unbiased,1
A_blue_rare,66,84950,biased,unbiased,1
A_blue_rare,67,84951,biased,unbiased,1
A_blue_rare,68,84952,biased,unbiased,1
A_blue_rare,69,84953,biased,unbiased,2
A_blue_rare,70,84954,biased,unbiased,2
A_blue_rare,71,84955,biased,unbiased,3
A_blue_rare,72,84956,biased,unbiased,2
A_blue_rare,73,84957,biased,unbiased,2
A_blue_rare,74,84958,biased,unbiased,1
A_blue_rare,75,84959,biased,unbiased,1
A_blue_rare,76,84960,biased,unbiased,1
A_blue_rare,77,84961,biased,unbiased,1
A_blue_rare,78,84962,biased,unbiased,1
A_blue_rare,79,84963,biased,unbiased,6
A_blue_rare,80,84964,biased,unbiased,1
A_blue_rare,141,85025,biased,unbiased,1
A_blue_rare,142,85026,biased,unbiased,1
A_blue_rare,143,85027,biased,unbiased,1
A_blue_rare,144,85028,biased,unbiased,1
A_blue_rare,145,85029,biased,unbiased,3
A_blue_rare,146,85030,biased,unbiased,1
A_blue_rare,147,85031,biased,unbiased,1
A_blue_rare,148,85032,biased,unbiased,2
A_blue_rare,149,85033,biased,unbiased,1
A_blue_rare,150,85034,biased,unbiased,1
A_blue_rare,151,85035,biased,unbiased,1
A_blue_rare,152,85036,biased,biased,21
A_blue_rare,153,85037,biased,unbiased,1
A_blue_rare,154,85038,biased,unbiased,1
A_blue_rare,155,85039,biased,unbiased,1
A_blue_rare,156,85040,biased,unbiased,1
A_blue_rare,157,85041,biased,unbiased,2
A_blue_rare,158,85042,biased,unbiased,1
A_blue_rare,159,85043,biased,unbiased,1
A_blue_rare,160,85044,biased,unbiased,1
A_blue_rare,101,84985,biased,unbiased,3
A_blue_rare,102,84986,biased,unbiased,2
A_blue_rare,103,84987,biased,unbiased,1
A_blue_rare,104,84988,biased,unbiased,14
A_blue_rare,105,84989,biased,unbiased,1
A_blue_rare,106,84990,biased,unbiased,1
A_blue_rare,107,84991,biased,unbiased,1
A_blue_rare,108,84992,biased,unbiased,1
A_blue_rare,109,84993,biased,unbiased,1
A_blue_rare,110,84994,biased,unbiased,1
A_blue_rare,111,84995,biased,unbiased,1
A_blue_rare,112,84996,biased,unbiased,1
A_blue_rare,113,84997,biased,unbiased,2
A_blue_rare,114,84998,biased,unbiased,1
A_blue_rare,115,84999,biased,unbiased,3
A_blue_rare,116,85000,biased,unbiased,1
A_blue_rare,117,85001,biased,unbiased,4
A_blue_rare,118,85002,biased,unbiased,1
A_blue_rare,119,85003,biased,unbiased,1
A_blue_rare,120,85004,biased,unbiased,1
A_blue_rare,81,84965,biased,unbiased,2
A_blue_rare,82,84966,biased,biased,17
A_blue_rare,83,84967,biased,unbiased,4
A_blue_rare,84,84968,biased,unbiased,6
A_blue_rare,85,84969,biased,unbiased,1
A_blue_rare,86,84970,biased,unbiased,1
A_blue_rare,87,84971,biased,unbiased,3
A_blue_rare,88,84972,biased,unbiased,1
A_blue_rare,89,84973,biased,unbiased,1
A_blue_rare,90,84974,biased,unbiased,1
A_blue_rare,91,84975,biased,unbiased,1
A_blue_rare,92,84976,biased,unbiased,1
A_blue_rare,93,84977,biased,unbiased,1
A_blue_rare,94,84978,biased,unbiased,1
A_blue_rare,95,84979,biased,unbiased,1
A_blue_rare,96,84980,biased,unbiased,1
A_blue_rare,97,84981,biased,unbiased,1
A_blue_rare,98,84982,biased,unbiased,1
A_blue_rare,99,84983,biased,unbiased,2
A_blue_rare,100,84984,biased,unbiased,1
A_blue_rare,201,85085,biased,unbiased,1
A_blue_rare,202,85086,biased,unbiased,1
A_blue_rare,203,85087,biased,unbiased,1
A_blue_rare,204,85088,biased,unbiased,1
A_blue_rare,205,85089,biased,unbiased,1
A_blue_rare,206,85090,biased,unbiased,1
A_blue_rare,207,85091,biased,unbiased,4
A_blue_rare,208,85092,biased,unbiased,2
A_blue_rare,209,85093,biased,unbiased,1
A_blue_rare,210,85094,biased,unbiased,1
A_blue_rare,211,85095,biased,unbiased,1
A_blue_rare,212,85096,biased,unbiased,12
A_blue_rare,213,85097,biased,unbiased,1
A_blue_rare,214,85098,biased,unbiased,2
A_blue_rare,215,85099,biased,unbiased,1
A_blue_rare,216,85100,biased,unbiased,14
A_blue_rare,217,85101,biased,unbiased,3
A_blue_rare,218,85102,biased,unbiased,1
A_blue_rare,219,85103,biased,unbiased,3
A_blue_rare,220,85104,biased,unbiased,1
A_blue_rare,41,84925,biased,unbiased,4
A_blue_rare,42,84926,biased,unbiased,1
A_blue_rare,43,84927,biased,unbiased,1
A_blue_rare,44,84928,biased,unbiased,1
A_blue_rare,45,84929,biased,unbiased,2
A_blue_rare,46,84930,biased,unbiased,1
A_blue_rare,47,84931,biased,unbiased,1
A_blue_rare,48,84932,biased,unbiased,2
A_blue_rare,49,84933,biased,unbiased,1
A_blue_rare,50,84934,biased,unbiased,2
A_blue_rare,51,84935,biased,unbiased,3
A_blue_rare,52,84936,biased,unbiased,6
A_blue_rare,53,84937,biased,unbiased,1
A_blue_rare,54,84938,biased,biased,23
A_blue_rare,55,84939,biased,unbiased,1
A_blue_rare,56,84940,biased,unbiased,1
A_blue_rare,57,84941,biased,unbiased,1
A_blue_rare,58,84942,biased,unbiased,1
A_blue_rare,59,84943,biased,unbiased,1
A_blue_rare,60,84944,biased,unbiased,1
A_blue_rare,1,84885,biased,unbiased,1
A_blue_rare,2,84886,biased,unbiased,1
A_blue_rare,3,84887,biased,unbiased,3
A_blue_rare,4,84888,biased,unbiased,2
A_blue_rare,5,84889,biased,unbiased,2
A_blue_rare,6,84890,biased,unbiased,1
A_blue_rare,7,84891,biased,unbiased,1
A_blue_rare,8,84892,biased,unbiased,2
A_blue_rare,9,84893,biased,unbiased,2
A_blue_rare,10,84894,biased,unbiased,4
A_blue_rare,11,84895,biased,unbiased,11
A_blue_rare,12,84896,biased,unbiased,5
A_blue_rare,13,84897,biased,unbiased,1
A_blue_rare,14,84898,biased,unbiased,1
A_blue_rare,15,84899,biased,unbiased,9
A_blue_rare,16,84900,biased,unbiased,4
A_blue_rare,17,84901,biased,unbiased,1
A_blue_rare,18,84902,biased,unbiased,3
A_blue_rare,19,84903,biased,unbiased,2
A_blue_rare,20,84904,biased,unbiased,3
A_blue_rare,121,85005,biased,unbiased,1
A_blue_rare,122,85006,biased,unbiased,1
A_blue_rare,123,85007,biased,unbiased,7
A_blue_rare,124,85008,biased,unbiased,1
A_blue_rare,125,85009,biased,unbiased,27
A_blue_rare,126,85010,biased,unbiased,1
A_blue_rare,127,85011,biased,unbiased,3
A_blue_rare,128,85012,biased,unbiased,1
A_blue_rare,129,85013,biased,unbiased,1
A_blue_rare,130,85014,biased,unbiased,1
A_blue_rare,131,85015,biased,unbiased,1
A_blue_rare,132,85016,biased,unbiased,3
A_blue_rare,133,85017,biased,unbiased,1
A_blue_rare,134,85018,biased,unbiased,4
A_blue_rare,135,85019,biased,unbiased,1
A_blue_rare,136,85020,biased,unbiased,1
A_blue_rare,137,85021,biased,unbiased,3
A_blue_rare,138,85022,biased,unbiased,1
A_blue_rare,139,85023,biased,unbiased,1
A_blue_rare,140,85024,biased,unbiased,1
A_blue_rare,221,85105,biased,unbiased,1
A_blue_rare,222,85106,biased,unbiased,2
A_blue_rare,223,85107,biased,unbiased,1
A_blue_rare,224,85108,biased,unbiased,2
A_blue_rare,225,85109,biased,unbiased,1
A_blue_rare,226,85110,biased,unbiased,1
A_blue_rare,227,85111,biased,unbiased,2
A_blue_rare,228,85112,biased,unbiased,1
A_blue_rare,229,85113,biased,unbiased,1
A_blue_rare,230,85114,biased,unbiased,18
A_blue_rare,231,85115,biased,unbiased,2
A_blue_rare,232,85116,biased,unbiased,1
A_blue_rare,233,85117,biased,unbiased,1
A_blue_rare,234,85118,biased,unbiased,1
A_blue_rare,235,85119,biased,unbiased,4
A_blue_rare,236,85120,biased,unbiased,1
A_blue_rare,237,85121,biased,unbiased,16
A_blue_rare,238,85122,biased,unbiased,2
A_blue_rare,239,85123,biased,unbiased,1
A_blue_rare,240,85124,biased,unbiased,1
A_blue_rare,241,85125,biased,unbiased,1
A_blue_rare,242,85126,biased,unbiased,2
A_blue_rare,243,85127,biased,unbiased,1
A_blue_rare,244,85128,biased,unbiased,2
A_blue_rare,245,85129,biased,unbiased,1
A_blue_rare,246,85130,biased,unbiased,4
A_blue_rare,247,85131,biased,unbiased,3
A_blue_rare,248,85132,biased,unbiased,3
A_blue_rare,249,85133,biased,unbiased,1
A_blue_rare,250,85134,biased,unbiased,1
A_blue_rare,251,85135,biased,unbiased,1
A_blue_rare,252,85136,biased,unbiased,3
A_blue_rare,253,85137,biased,unbiased,1
A_blue_rare,254,85138,biased,unbiased,1
A_blue_rare,255,85139,biased,unbiased,1
A_blue_rare,256,85140,biased,unbiased,2
A_blue_rare,257,85141,biased,unbiased,2
A_blue_rare,258,85142,biased,unbiased,2
A_blue_rare,259,85143,biased,unbiased,1
A_blue_rare,260,85144,biased,unbiased,2
A_blue_rare,281,85165,biased,unbiased,2
A_blue_rare,282,85166,biased,unbiased,1
A_blue_rare,283,85167,biased,unbiased,1
A_blue_rare,284,85168,biased,unbiased,1
A_blue_rare,285,85169,biased,unbiased,1
A_blue_rare,286,85170,biased,unbiased,1
A_blue_rare,287,85171,biased,unbiased,1
A_blue_rare,288,85172,biased,unbiased,2
A_blue_rare,289,85173,biased,unbiased,2
A_blue_rare,290,85174,biased,unbiased,1
A_blue_rare,291,85175,biased,unbiased,1
A_blue_rare,292,85176,biased,unbiased,2
A_blue_rare,293,85177,biased,unbiased,2
A_blue_rare,294,85178,biased,unbiased,2
A_blue_rare,295,85179,biased,unbiased,2
A_blue_rare,296,85180,biased,unbiased,1
A_blue_rare,297,85181,biased,unbiased,2
A_blue_rare,298,85182,biased,unbiased,8
A_blue_rare,299,85183,biased,unbiased,1
A_blue_rare,300,85184,biased,unbiased,1
A_blue_rare,361,85245,biased,unbiased,2
A_blue_rare,362,85246,biased,unbiased,1
A_blue_rare,363,85247,biased,unbiased,1
A_blue_rare,364,85248,biased,unbiased,3
A_blue_rare,365,85249,biased,unbiased,3
A_blue_rare,366,85250,biased,unbiased,1
A_blue_rare,367,85251,biased,unbiased,1
A_blue_rare,368,85252,biased,unbiased,1
A_blue_rare,369,85253,biased,unbiased,1
A_blue_rare,370,85254,biased,unbiased,1
A_blue_rare,371,85255,biased,unbiased,2
A_blue_rare,372,85256,biased,unbiased,1
A_blue_rare,373,85257,biased,unbiased,2
A_blue_rare,374,85258,biased,unbiased,1
A_blue_rare,375,85259,biased,unbiased,1
A_blue_rare,376,85260,biased,unbiased,1
A_blue_rare,377,85261,biased,unbiased,2
A_blue_rare,378,85262,biased,unbiased,1
A_blue_rare,379,85263,biased,unbiased,1
A_blue_rare,380,85264,biased,unbiased,2
A_blue_rare,341,85225,biased,unbiased,1
A_blue_rare,342,85226,biased,unbiased,1
A_blue_rare,343,85227,biased,unbiased,2
A_blue_rare,344,85228,biased,unbiased,1
A_blue_rare,345,85229,biased,unbiased,2
A_blue_rare,346,85230,biased,unbiased,6
A_blue_rare,347,85231,biased,unbiased,1
A_blue_rare,348,85232,biased,unbiased,1
A_blue_rare,349,85233,biased,unbiased,1
A_blue_rare,350,85234,biased,unbiased,3
A_blue_rare,351,85235,biased,unbiased,1
A_blue_rare,352,85236,biased,unbiased,3
A_blue_rare,353,85237,biased,unbiased,2
A_blue_rare,354,85238,biased,unbiased,1
A_blue_rare,355,85239,biased,unbiased,2
A_blue_rare,356,85240,biased,unbiased,1
A_blue_rare,357,85241,biased,unbiased,1
A_blue_rare,358,85242,biased,unbiased,2
A_blue_rare,359,85243,biased,unbiased,1
A_blue_rare,360,85244,biased,unbiased,4
A_blue_rare,261,85145,biased,unbiased,1
A_blue_rare,262,85146,biased,unbiased,1
A_blue_rare,263,85147,biased,unbiased,1
A_blue_rare,264,85148,biased,unbiased,4
A_blue_rare,265,85149,biased,unbiased,2
A_blue_rare,266,85150,biased,unbiased,2
A_blue_rare,267,85151,biased,unbiased,1
A_blue_rare,268,85152,biased,unbiased,2
A_blue_rare,269,85153,biased,unbiased,1
A_blue_rare,270,85154,biased,unbiased,4
A_blue_rare,271,85155,biased,unbiased,1
A_blue_rare,272,85156,biased,unbiased,7
A_blue_rare,273,85157,biased,unbiased,4
A_blue_rare,274,85158,biased,unbiased,1
A_blue_rare,275,85159,biased,unbiased,1
A_blue_rare,276,85160,biased,unbiased,2
A_blue_rare,277,85161,biased,unbiased,2
A_blue_rare,278,85162,biased,unbiased,5
A_blue_rare,279,85163,biased,unbiased,1
A_blue_rare,280,85164,biased,unbiased,4
A_blue_rare,441,85325,biased,unbiased,2
A_blue_rare,442,85326,biased,unbiased,1
A_blue_rare,443,85327,biased,unbiased,1
A_blue_rare,444,85328,biased,unbiased,1
A_blue_rare,445,85329,biased,unbiased,3
A_blue_rare,446,85330,biased,unbiased,1
A_blue_rare,447,85331,biased,unbiased,3
A_blue_rare,448,85332,biased,unbiased,1
A_blue_rare,449,85333,biased,unbiased,1
A_blue_rare,450,85334,biased,unbiased,2
A_blue_rare,451,85335,biased,unbiased,1
A_blue_rare,452,85336,biased,unbiased,1
A_blue_rare,453,85337,biased,unbiased,1
A_blue_rare,454,85338,biased,unbiased,1
A_blue_rare,455,85339,biased,unbiased,1
A_blue_rare,456,85340,biased,unbiased,2
A_blue_rare,457,85341,biased,unbiased,1
A_blue_rare,458,85342,biased,unbiased,1
A_blue_rare,459,85343,biased,unbiased,1
A_blue_rare,460,85344,biased,unbiased,1
A_blue_rare,321,85205,biased,unbiased,2
A_blue_rare,322,85206,biased,unbiased,1
A_blue_rare,323,85207,biased,unbiased,3
A_blue_rare,324,85208,biased,biased,21
A_blue_rare,325,85209,biased,unbiased,1
A_blue_rare,326,85210,biased,unbiased,1
A_blue_rare,327,85211,biased,unbiased,3
A_blue_rare,328,85212,biased,unbiased,1
A_blue_rare,329,85213,biased,unbiased,1
A_blue_rare,330,85214,biased,unbiased,1
A_blue_rare,331,85215,biased,unbiased,1
A_blue_rare,332,85216,biased,unbiased,1
A_blue_rare,333,85217,biased,unbiased,1
A_blue_rare,334,85218,biased,unbiased,1
A_blue_rare,335,85219,biased,unbiased,7
A_blue_rare,336,85220,biased,unbiased,1
A_blue_rare,337,85221,biased,unbiased,1
A_blue_rare,338,85222,biased,unbiased,1
A_blue_rare,339,85223,biased,unbiased,1
A_blue_rare,340,85224,biased,unbiased,1
A_blue_rare,381,85265,biased,unbiased,2
A_blue_rare,382,85266,biased,unbiased,1
A_blue_rare,383,85267,biased,unbiased,4
A_blue_rare,384,85268,biased,unbiased,1
A_blue_rare,385,85269,biased,unbiased,2
A_blue_rare,386,85270,biased,unbiased,1
A_blue_rare,387,85271,biased,unbiased,1
A_blue_rare,388,85272,biased,unbiased,1
A_blue_rare,389,85273,biased,unbiased,2
A_blue_rare,390,85274,biased,unbiased,1
A_blue_rare,391,85275,biased,unbiased,1
A_blue_rare,392,85276,biased,unbiased,2
A_blue_rare,393,85277,biased,unbiased,8
A_blue_rare,394,85278,biased,unbiased,1
A_blue_rare,395,85279,biased,unbiased,1
A_blue_rare,396,85280,biased,unbiased,4
A_blue_rare,397,85281,biased,unbiased,4
A_blue_rare,398,85282,biased,unbiased,1
A_blue_rare,399,85283,biased,unbiased,1
A_blue_rare,400,85284,biased,unbiased,3
A_blue_rare,461,85345,biased,unbiased,1
A_blue_rare,462,85346,biased,unbiased,1
A_blue_rare,463,85347,biased,unbiased,1
A_blue_rare,464,85348,biased,unbiased,2
A_blue_rare,465,85349,biased,unbiased,1
A_blue_rare,466,85350,biased,unbiased,1
A_blue_rare,467,85351,biased,unbiased,10
A_blue_rare,468,85352,biased,unbiased,1
A_blue_rare,469,85353,biased,unbiased,1
A_blue_rare,470,85354,biased,unbiased,1
A_blue_rare,471,85355,biased,unbiased,1
A_blue_rare,472,85356,biased,unbiased,1
A_blue_rare,473,85357,biased,unbiased,2
A_blue_rare,474,85358,biased,unbiased,1
A_blue_rare,475,85359,biased,unbiased,1
A_blue_rare,476,85360,biased,unbiased,2
A_blue_rare,477,85361,biased,unbiased,1
A_blue_rare,478,85362,biased,unbiased,1
A_blue_rare,479,85363,biased,unbiased,2
A_blue_rare,480,85364,biased,unbiased,1
A_blue_rare,501,85385,biased,unbiased,1
A_blue_rare,502,85386,biased,unbiased,1
A_blue_rare,503,85387,biased,unbiased,1
A_blue_rare,504,85388,biased,unbiased,2
A_blue_rare,505,85389,biased,unbiased,2
A_blue_rare,506,85390,biased,unbiased,2
A_blue_rare,507,85391,biased,unbiased,2
A_blue_rare,508,85392,biased,unbiased,1
A_blue_rare,509,85393,biased,unbiased,1
A_blue_rare,510,85394,biased,unbiased,2
A_blue_rare,511,85395,biased,unbiased,7
A_blue_rare,512,85396,biased,unbiased,2
A_blue_rare,513,85397,biased,unbiased,1
A_blue_rare,514,85398,biased,unbiased,1
A_blue_rare,515,85399,biased,unbiased,1
A_blue_rare,516,85400,biased,unbiased,1
A_blue_rare,517,85401,biased,unbiased,1
A_blue_rare,518,85402,biased,unbiased,1
A_blue_rare,519,85403,biased,unbiased,1
A_blue_rare,520,85404,biased,unbiased,1
A_blue_rare,301,85185,biased,unbiased,4
A_blue_rare,302,85186,biased,unbiased,1
A_blue_rare,303,85187,biased,unbiased,1
A_blue_rare,304,85188,biased,unbiased,3
A_blue_rare,305,85189,biased,unbiased,1
A_blue_rare,306,85190,biased,unbiased,2
A_blue_rare,307,85191,biased,unbiased,3
A_blue_rare,308,85192,biased,unbiased,3
A_blue_rare,309,85193,biased,unbiased,7
A_blue_rare,310,85194,biased,biased,21
A_blue_rare,311,85195,biased,unbiased,7
A_blue_rare,312,85196,biased,unbiased,2
A_blue_rare,313,85197,biased,unbiased,2
A_blue_rare,314,85198,biased,unbiased,1
A_blue_rare,315,85199,biased,unbiased,3
A_blue_rare,316,85200,biased,unbiased,1
A_blue_rare,317,85201,biased,unbiased,2
A_blue_rare,318,85202,biased,unbiased,1
A_blue_rare,319,85203,biased,unbiased,6
A_blue_rare,320,85204,biased,unbiased,1
A_blue_rare,521,85405,biased,unbiased,1
A_blue_rare,522,85406,biased,unbiased,2
A_blue_rare,523,85407,biased,unbiased,1
A_blue_rare,524,85408,biased,unbiased,1
A_blue_rare,525,85409,biased,unbiased,2
A_blue_rare,526,85410,biased,unbiased,2
A_blue_rare,527,85411,biased,unbiased,2
A_blue_rare,528,85412,biased,unbiased,2
A_blue_rare,529,85413,biased,unbiased,1
A_blue_rare,530,85414,biased,unbiased,3
A_blue_rare,531,85415,biased,unbiased,1
A_blue_rare,532,85416,biased,unbiased,1
A_blue_rare,533,85417,biased,unbiased,1
A_blue_rare,534,85418,biased,unbiased,1
A_blue_rare,535,85419,biased,unbiased,2
A_blue_rare,536,85420,biased,unbiased,1
A_blue_rare,537,85421,biased,unbiased,2
A_blue_rare,538,85422,biased,unbiased,1
A_blue_rare,539,85423,biased,unbiased,1
A_blue_rare,540,85424,biased,unbiased,2
A_blue_rare,481,85365,biased,unbiased,1
A_blue_rare,482,85366,biased,unbiased,3
A_blue_rare,483,85367,biased,unbiased,3
A_blue_rare,484,85368,biased,unbiased,1
A_blue_rare,485,85369,biased,unbiased,1
A_blue_rare,486,85370,biased,unbiased,1
A_blue_rare,487,85371,biased,unbiased,4
A_blue_rare,488,85372,biased,unbiased,3
A_blue_rare,489,85373,biased,unbiased,1
A_blue_rare,490,85374,biased,unbiased,2
A_blue_rare,491,85375,biased,unbiased,10
A_blue_rare,492,85376,biased,unbiased,1
A_blue_rare,493,85377,biased,unbiased,1
A_blue_rare,494,85378,biased,unbiased,1
A_blue_rare,495,85379,biased,unbiased,1
A_blue_rare,496,85380,biased,unbiased,1
A_blue_rare,497,85381,biased,unbiased,1
A_blue_rare,498,85382,biased,unbiased,1
A_blue_rare,499,85383,biased,unbiased,8
A_blue_rare,500,85384,biased,unbiased,1
A_blue_rare,581,85465,biased,unbiased,2
A_blue_rare,582,85466,biased,unbiased,2
A_blue_rare,583,85467,biased,unbiased,2
A_blue_rare,584,85468,biased,unbiased,4
A_blue_rare,585,85469,biased,unbiased,1
A_blue_rare,586,85470,biased,unbiased,1
A_blue_rare,587,85471,biased,unbiased,1
A_blue_rare,588,85472,biased,unbiased,1
A_blue_rare,589,85473,biased,unbiased,1
A_blue_rare,590,85474,biased,unbiased,1
A_blue_rare,591,85475,biased,unbiased,2
A_blue_rare,592,85476,biased,unbiased,4
A_blue_rare,593,85477,biased,unbiased,2
A_blue_rare,594,85478,biased,unbiased,1
A_blue_rare,595,85479,biased,unbiased,1
A_blue_rare,596,85480,biased,unbiased,1
A_blue_rare,597,85481,biased,unbiased,2
A_blue_rare,598,85482,biased,unbiased,1
A_blue_rare,599,85483,biased,unbiased,1
A_blue_rare,600,85484,biased,unbiased,2
A_blue_rare,621,85505,biased,unbiased,2
A_blue_rare,622,85506,biased,unbiased,2
A_blue_rare,623,85507,biased,unbiased,1
A_blue_rare,624,85508,biased,unbiased,2
A_blue_rare,625,85509,biased,unbiased,1
A_blue_rare,626,85510,biased,unbiased,1
A_blue_rare,627,85511,biased,unbiased,2
A_blue_rare,628,85512,biased,unbiased,1
A_blue_rare,629,85513,biased,unbiased,2
A_blue_rare,630,85514,biased,unbiased,1
A_blue_rare,631,85515,biased,unbiased,1
A_blue_rare,632,85516,biased,unbiased,1
A_blue_rare,633,85517,biased,unbiased,1
A_blue_rare,634,85518,biased,unbiased,2
A_blue_rare,635,85519,biased,unbiased,1
A_blue_rare,636,85520,biased,unbiased,3
A_blue_rare,637,85521,biased,unbiased,2
A_blue_rare,638,85522,biased,unbiased,1
A_blue_rare,639,85523,biased,unbiased,2
A_blue_rare,640,85524,biased,unbiased,1
A_blue_rare,601,85485,biased,unbiased,1
A_blue_rare,602,85486,biased,unbiased,1
A_blue_rare,603,85487,biased,unbiased,1
A_blue_rare,604,85488,biased,unbiased,2
A_blue_rare,605,85489,biased,unbiased,1
A_blue_rare,606,85490,biased,unbiased,2
A_blue_rare,607,85491,biased,unbiased,3
A_blue_rare,608,85492,biased,unbiased,1
A_blue_rare,609,85493,biased,unbiased,1
A_blue_rare,610,85494,biased,unbiased,1
A_blue_rare,611,85495,biased,unbiased,2
A_blue_rare,612,85496,biased,unbiased,2
A_blue_rare,613,85497,biased,unbiased,2
A_blue_rare,614,85498,biased,unbiased,1
A_blue_rare,615,85499,biased,unbiased,6
A_blue_rare,616,85500,biased,unbiased,1
A_blue_rare,617,85501,biased,unbiased,2
A_blue_rare,618,85502,biased,unbiased,1
A_blue_rare,619,85503,biased,unbiased,1
A_blue_rare,620,85504,biased,unbiased,2
A_blue_rare,541,85425,biased,unbiased,1
A_blue_rare,542,85426,biased,unbiased,1
A_blue_rare,543,85427,biased,unbiased,5
A_blue_rare,544,85428,biased,unbiased,1
A_blue_rare,545,85429,biased,unbiased,1
A_blue_rare,546,85430,biased,unbiased,1
A_blue_rare,547,85431,biased,unbiased,1
A_blue_rare,548,85432,biased,unbiased,3
A_blue_rare,549,85433,biased,unbiased,2
A_blue_rare,550,85434,biased,unbiased,1
A_blue_rare,551,85435,biased,unbiased,1
A_blue_rare,552,85436,biased,unbiased,1
A_blue_rare,553,85437,biased,unbiased,1
A_blue_rare,554,85438,biased,unbiased,1
A_blue_rare,555,85439,biased,unbiased,20
A_blue_rare,556,85440,biased,unbiased,2
A_blue_rare,557,85441,biased,unbiased,3
A_blue_rare,558,85442,biased,unbiased,1
A_blue_rare,559,85443,biased,unbiased,1
A_blue_rare,560,85444,biased,unbiased,1
A_blue_rare,401,85285,biased,unbiased,4
A_blue_rare,402,85286,biased,unbiased,2
A_blue_rare,403,85287,biased,unbiased,3
A_blue_rare,404,85288,biased,unbiased,2
A_blue_rare,405,85289,biased,unbiased,1
A_blue_rare,406,85290,biased,unbiased,1
A_blue_rare,407,85291,biased,unbiased,2
A_blue_rare,408,85292,biased,unbiased,2
A_blue_rare,409,85293,biased,unbiased,1
A_blue_rare,410,85294,biased,unbiased,1
A_blue_rare,411,85295,biased,unbiased,1
A_blue_rare,412,85296,biased,unbiased,1
A_blue_rare,413,85297,biased,unbiased,6
A_blue_rare,414,85298,biased,unbiased,5
A_blue_rare,415,85299,biased,unbiased,6
A_blue_rare,416,85300,biased,unbiased,1
A_blue_rare,417,85301,biased,unbiased,1
A_blue_rare,418,85302,biased,biased,37
A_blue_rare,419,85303,biased,unbiased,1
A_blue_rare,420,85304,biased,unbiased,1
A_blue_rare,561,85445,biased,unbiased,2
A_blue_rare,562,85446,biased,unbiased,3
A_blue_rare,563,85447,biased,unbiased,1
A_blue_rare,564,85448,biased,unbiased,1
A_blue_rare,565,85449,biased,unbiased,1
A_blue_rare,566,85450,biased,unbiased,3
A_blue_rare,567,85451,biased,unbiased,1
A_blue_rare,568,85452,biased,unbiased,3
A_blue_rare,569,85453,biased,unbiased,1
A_blue_rare,570,85454,biased,unbiased,1
A_blue_rare,571,85455,biased,unbiased,2
A_blue_rare,572,85456,biased,unbiased,4
A_blue_rare,573,85457,biased,unbiased,1
A_blue_rare,574,85458,biased,unbiased,1
A_blue_rare,575,85459,biased,biased,19
A_blue_rare,576,85460,biased,unbiased,1
A_blue_rare,577,85461,biased,unbiased,1
A_blue_rare,578,85462,biased,unbiased,1
A_blue_rare,579,85463,biased,unbiased,2
A_blue_rare,580,85464,biased,unbiased,1
A_blue_rare,421,85305,biased,unbiased,2
A_blue_rare,422,85306,biased,unbiased,2
A_blue_rare,423,85307,biased,unbiased,2
A_blue_rare,424,85308,biased,unbiased,7
A_blue_rare,425,85309,biased,unbiased,4
A_blue_rare,426,85310,biased,unbiased,1
A_blue_rare,427,85311,biased,unbiased,2
A_blue_rare,428,85312,biased,unbiased,10
A_blue_rare,429,85313,biased,unbiased,1
A_blue_rare,430,85314,biased,unbiased,2
A_blue_rare,431,85315,biased,unbiased,1
A_blue_rare,432,85316,biased,unbiased,1
A_blue_rare,433,85317,biased,unbiased,37
A_blue_rare,434,85318,biased,unbiased,1
A_blue_rare,435,85319,biased,unbiased,1
A_blue_rare,436,85320,biased,unbiased,1
A_blue_rare,437,85321,biased,unbiased,2
A_blue_rare,438,85322,biased,unbiased,5
A_blue_rare,439,85323,biased,unbiased,1
A_blue_rare,440,85324,biased,unbiased,1
A_blue_rare,641,85525,biased,unbiased,2
A_blue_rare,642,85526,biased,unbiased,1
A_blue_rare,643,85527,biased,unbiased,1
A_blue_rare,644,85528,biased,unbiased,5
A_blue_rare,645,85529,biased,unbiased,3
A_blue_rare,646,85530,biased,unbiased,2
A_blue_rare,647,85531,biased,unbiased,1
A_blue_rare,648,85532,biased,unbiased,1
A_blue_rare,649,85533,biased,unbiased,1
A_blue_rare,650,85534,biased,unbiased,1
A_blue_rare,651,85535,biased,unbiased,1
A_blue_rare,652,85536,biased,biased,25
A_blue_rare,653,85537,biased,unbiased,1
A_blue_rare,654,85538,biased,unbiased,4
A_blue_rare,655,85539,biased,unbiased,1
A_blue_rare,656,85540,biased,unbiased,1
A_blue_rare,657,85541,biased,unbiased,1
A_blue_rare,658,85542,biased,unbiased,1
A_blue_rare,659,85543,biased,unbiased,1
A_blue_rare,660,85544,biased,unbiased,1
A_blue_rare,701,85585,biased,unbiased,2
A_blue_rare,702,85586,biased,unbiased,1
A_blue_rare,703,85587,biased,unbiased,1
A_blue_rare,704,85588,biased,unbiased,1
A_blue_rare,705,85589,biased,unbiased,1
A_blue_rare,706,85590,biased,unbiased,1
A_blue_rare,707,85591,biased,unbiased,1
A_blue_rare,708,85592,biased,unbiased,2
A_blue_rare,709,85593,biased,unbiased,1
A_blue_rare,710,85594,biased,unbiased,7
A_blue_rare,711,85595,biased,unbiased,1
A_blue_rare,712,85596,biased,unbiased,2
A_blue_rare,713,85597,biased,unbiased,5
A_blue_rare,714,85598,biased,unbiased,1
A_blue_rare,715,85599,biased,unbiased,1
A_blue_rare,716,85600,biased,unbiased,2
A_blue_rare,717,85601,biased,unbiased,4
A_blue_rare,718,85602,biased,unbiased,4
A_blue_rare,719,85603,biased,unbiased,1
A_blue_rare,720,85604,biased,unbiased,1
A_blue_rare,681,85565,biased,unbiased,1
A_blue_rare,682,85566,biased,unbiased,1
A_blue_rare,683,85567,biased,biased,27
A_blue_rare,684,85568,biased,unbiased,1
A_blue_rare,685,85569,biased,unbiased,1
A_blue_rare,686,85570,biased,unbiased,1
A_blue_rare,687,85571,biased,unbiased,1
A_blue_rare,688,85572,biased,unbiased,1
A_blue_rare,689,85573,biased,unbiased,1
A_blue_rare,690,85574,biased,unbiased,1
A_blue_rare,691,85575,biased,unbiased,1
A_blue_rare,692,85576,biased,unbiased,2
A_blue_rare,693,85577,biased,unbiased,1
A_blue_rare,694,85578,biased,unbiased,4
A_blue_rare,695,85579,biased,unbiased,1
A_blue_rare,696,85580,biased,unbiased,1
A_blue_rare,697,85581,biased,unbiased,1
A_blue_rare,698,85582,biased,unbiased,1
A_blue_rare,699,85583,biased,unbiased,1
A_blue_rare,700,85584,biased,unbiased,1
A_blue_rare,781,85665,biased,unbiased,2
A_blue_rare,782,85666,biased,unbiased,1
A_blue_rare,783,85667,biased,unbiased,2
A_blue_rare,784,85668,biased,unbiased,1
A_blue_rare,785,85669,biased,unbiased,1
A_blue_rare,786,85670,biased,unbiased,2
A_blue_rare,787,85671,biased,unbiased,2
A_blue_rare,788,85672,biased,unbiased,1
A_blue_rare,789,85673,biased,unbiased,2
A_blue_rare,790,85674,biased,unbiased,1
A_blue_rare,791,85675,biased,unbiased,2
A_blue_rare,792,85676,biased,unbiased,2
A_blue_rare,793,85677,biased,unbiased,1
A_blue_rare,794,85678,biased,unbiased,1
A_blue_rare,795,85679,biased,unbiased,1
A_blue_rare,796,85680,biased,unbiased,2
A_blue_rare,797,85681,biased,unbiased,2
A_blue_rare,798,85682,biased,unbiased,6
A_blue_rare,799,85683,biased,unbiased,1
A_blue_rare,800,85684,biased,unbiased,1
A_blue_rare,661,85545,biased,unbiased,1
A_blue_rare,662,85546,biased,unbiased,2
A_blue_rare,663,85547,biased,unbiased,1
A_blue_rare,664,85548,biased,unbiased,1
A_blue_rare,665,85549,biased,unbiased,8
A_blue_rare,666,85550,biased,biased,25
A_blue_rare,667,85551,biased,unbiased,1
A_blue_rare,668,85552,biased,unbiased,2
A_blue_rare,669,85553,biased,unbiased,2
A_blue_rare,670,85554,biased,unbiased,1
A_blue_rare,671,85555,biased,unbiased,2
A_blue_rare,672,85556,biased,unbiased,1
A_blue_rare,673,85557,biased,unbiased,1
A_blue_rare,674,85558,biased,unbiased,1
A_blue_rare,675,85559,biased,unbiased,1
A_blue_rare,676,85560,biased,unbiased,3
A_blue_rare,677,85561,biased,unbiased,1
A_blue_rare,678,85562,biased,unbiased,1
A_blue_rare,679,85563,biased,unbiased,1
A_blue_rare,680,85564,biased,unbiased,1
A_blue_rare,821,85705,biased,unbiased,1
A_blue_rare,822,85706,biased,unbiased,1
A_blue_rare,823,85707,biased,unbiased,1
A_blue_rare,824,85708,biased,unbiased,1
A_blue_rare,825,85709,biased,unbiased,1
A_blue_rare,826,85710,biased,unbiased,1
A_blue_rare,827,85711,biased,unbiased,1
A_blue_rare,828,85712,biased,unbiased,3
A_blue_rare,829,85713,biased,unbiased,1
A_blue_rare,830,85714,biased,unbiased,1
A_blue_rare,831,85715,biased,unbiased,2
A_blue_rare,832,85716,biased,unbiased,1
A_blue_rare,833,85717,biased,unbiased,5
A_blue_rare,834,85718,biased,unbiased,3
A_blue_rare,835,85719,biased,unbiased,1
A_blue_rare,836,85720,biased,unbiased,2
A_blue_rare,837,85721,biased,unbiased,3
A_blue_rare,838,85722,biased,unbiased,1
A_blue_rare,839,85723,biased,unbiased,1
A_blue_rare,840,85724,biased,unbiased,1
A_blue_rare,721,85605,biased,unbiased,1
A_blue_rare,722,85606,biased,unbiased,1
A_blue_rare,723,85607,biased,unbiased,2
A_blue_rare,724,85608,biased,unbiased,3
A_blue_rare,725,85609,biased,unbiased,1
A_blue_rare,726,85610,biased,unbiased,1
A_blue_rare,727,85611,biased,unbiased,1
A_blue_rare,728,85612,biased,unbiased,2
A_blue_rare,729,85613,biased,unbiased,9
A_blue_rare,730,85614,biased,unbiased,1
A_blue_rare,731,85615,biased,unbiased,1
A_blue_rare,732,85616,biased,unbiased,1
A_blue_rare,733,85617,biased,unbiased,2
A_blue_rare,734,85618,biased,unbiased,1
A_blue_rare,735,85619,biased,unbiased,17
A_blue_rare,736,85620,biased,unbiased,1
A_blue_rare,737,85621,biased,unbiased,3
A_blue_rare,738,85622,biased,unbiased,1
A_blue_rare,739,85623,biased,unbiased,2
A_blue_rare,740,85624,biased,unbiased,3
A_blue_rare,841,85725,biased,unbiased,1
A_blue_rare,842,85726,biased,unbiased,1
A_blue_rare,843,85727,biased,unbiased,1
A_blue_rare,844,85728,biased,unbiased,1
A_blue_rare,845,85729,biased,unbiased,4
A_blue_rare,846,85730,biased,unbiased,5
A_blue_rare,847,85731,biased,unbiased,1
A_blue_rare,848,85732,biased,unbiased,1
A_blue_rare,849,85733,biased,unbiased,2
A_blue_rare,850,85734,biased,unbiased,2
A_blue_rare,851,85735,biased,unbiased,2
A_blue_rare,852,85736,biased,unbiased,4
A_blue_rare,853,85737,biased,unbiased,1
A_blue_rare,854,85738,biased,unbiased,2
A_blue_rare,855,85739,biased,unbiased,1
A_blue_rare,856,85740,biased,unbiased,2
A_blue_rare,857,85741,biased,unbiased,1
A_blue_rare,858,85742,biased,unbiased,1
A_blue_rare,859,85743,biased,unbiased,1
A_blue_rare,860,85744,biased,unbiased,1
A_blue_rare,801,85685,biased,unbiased,1
A_blue_rare,802,85686,biased,unbiased,2
A_blue_rare,803,85687,biased,unbiased,1
A_blue_rare,804,85688,biased,unbiased,1
A_blue_rare,805,85689,biased,unbiased,1
A_blue_rare,806,85690,biased,unbiased,1
A_blue_rare,807,85691,biased,unbiased,2
A_blue_rare,808,85692,biased,unbiased,1
A_blue_rare,809,85693,biased,unbiased,11
A_blue_rare,810,85694,biased,unbiased,1
A_blue_rare,811,85695,biased,unbiased,1
A_blue_rare,812,85696,biased,unbiased,1
A_blue_rare,813,85697,biased,unbiased,1
A_blue_rare,814,85698,biased,unbiased,1
A_blue_rare,815,85699,biased,unbiased,3
A_blue_rare,816,85700,biased,unbiased,1
A_blue_rare,817,85701,biased,unbiased,3
A_blue_rare,818,85702,biased,unbiased,1
A_blue_rare,819,85703,biased,unbiased,1
A_blue_rare,820,85704,biased,unbiased,9
A_blue_rare,921,85805,biased,unbiased,3
A_blue_rare,922,85806,biased,unbiased,1
A_blue_rare,923,85807,biased,unbiased,1
A_blue_rare,924,85808,biased,unbiased,1
A_blue_rare,925,85809,biased,unbiased,3
A_blue_rare,926,85810,biased,unbiased,1
A_blue_rare,927,85811,biased,unbiased,1
A_blue_rare,928,85812,biased,unbiased,1
A_blue_rare,929,85813,biased,unbiased,1
A_blue_rare,930,85814,biased,unbiased,1
A_blue_rare,931,85815,biased,unbiased,3
A_blue_rare,932,85816,biased,unbiased,1
A_blue_rare,933,85817,biased,unbiased,2
A_blue_rare,934,85818,biased,unbiased,1
A_blue_rare,935,85819,biased,unbiased,4
A_blue_rare,936,85820,biased,unbiased,1
A_blue_rare,937,85821,biased,unbiased,1
A_blue_rare,938,85822,biased,unbiased,1
A_blue_rare,939,85823,biased,unbiased,1
A_blue_rare,940,85824,biased,unbiased,1
A_blue_rare,881,85765,biased,unbiased,1
A_blue_rare,882,85766,biased,unbiased,1
A_blue_rare,883,85767,biased,unbiased,1
A_blue_rare,884,85768,biased,unbiased,2
A_blue_rare,885,85769,biased,unbiased,1
A_blue_rare,886,85770,biased,unbiased,1
A_blue_rare,887,85771,biased,unbiased,6
A_blue_rare,888,85772,biased,unbiased,1
A_blue_rare,889,85773,biased,unbiased,1
A_blue_rare,890,85774,biased,unbiased,2
A_blue_rare,891,85775,biased,unbiased,1
A_blue_rare,892,85776,biased,unbiased,1
A_blue_rare,893,85777,biased,unbiased,1
A_blue_rare,894,85778,biased,unbiased,2
A_blue_rare,895,85779,biased,unbiased,1
A_blue_rare,896,85780,biased,unbiased,3
A_blue_rare,897,85781,biased,unbiased,1
A_blue_rare,898,85782,biased,unbiased,1
A_blue_rare,899,85783,biased,unbiased,1
A_blue_rare,900,85784,biased,unbiased,1
A_blue_rare,861,85745,biased,unbiased,2
A_blue_rare,862,85746,biased,unbiased,1
A_blue_rare,863,85747,biased,unbiased,2
A_blue_rare,864,85748,biased,unbiased,3
A_blue_rare,865,85749,biased,unbiased,5
A_blue_rare,866,85750,biased,unbiased,1
A_blue_rare,867,85751,biased,unbiased,1
A_blue_rare,868,85752,biased,unbiased,1
A_blue_rare,869,85753,biased,unbiased,8
A_blue_rare,870,85754,biased,unbiased,2
A_blue_rare,871,85755,biased,unbiased,1
A_blue_rare,872,85756,biased,unbiased,3
A_blue_rare,873,85757,biased,unbiased,1
A_blue_rare,874,85758,biased,unbiased,4
A_blue_rare,875,85759,biased,unbiased,2
A_blue_rare,876,85760,biased,unbiased,1
A_blue_rare,877,85761,biased,unbiased,1
A_blue_rare,878,85762,biased,unbiased,1
A_blue_rare,879,85763,biased,unbiased,1
A_blue_rare,880,85764,biased,unbiased,6
A_blue_rare,961,85845,biased,unbiased,2
A_blue_rare,962,85846,biased,unbiased,1
A_blue_rare,963,85847,biased,unbiased,1
A_blue_rare,964,85848,biased,unbiased,1
A_blue_rare,965,85849,biased,unbiased,1
A_blue_rare,966,85850,biased,unbiased,1
A_blue_rare,967,85851,biased,unbiased,1
A_blue_rare,968,85852,biased,unbiased,5
A_blue_rare,969,85853,biased,unbiased,1
A_blue_rare,970,85854,biased,unbiased,1
A_blue_rare,971,85855,biased,unbiased,2
A_blue_rare,972,85856,biased,unbiased,1
A_blue_rare,973,85857,biased,unbiased,1
A_blue_rare,974,85858,biased,unbiased,1
A_blue_rare,975,85859,biased,unbiased,1
A_blue_rare,976,85860,biased,unbiased,2
A_blue_rare,977,85861,biased,unbiased,1
A_blue_rare,978,85862,biased,unbiased,1
A_blue_rare,979,85863,biased,unbiased,1
A_blue_rare,980,85864,biased,unbiased,1
B_red_rare,1,40114,unbiased,biased,1
B_red_rare,2,40115,unbiased,biased,1
B_red_rare,3,40116,unbiased,biased,1
B_red_rare,4,40117,unbiased,biased,2
B_red_rare,5,40118,unbiased,biased,3
B_red_rare,6,40119,unbiased,biased,1
B_red_rare,7,40120,unbiased,biased,1
B_red_rare,8,40121,unbiased,biased,1
B_red_rare,9,40122,unbiased,biased,2
B_red_rare,10,40123,unbiased,biased,1
B_red_rare,11,40124,unbiased,biased,1
B_red_rare,12,40125,unbiased,biased,1
B_red_rare,13,40126,unbiased,biased,1
B_red_rare,14,40127,unbiased,biased,1
B_red_rare,15,40128,unbiased,biased,1
B_red_rare,16,40129,unbiased,biased,1
B_red_rare,17,40130,unbiased,biased,1
B_red_rare,18,40131,unbiased,biased,1
B_red_rare,19,40132,unbiased,biased,1
B_red_rare,20,40133,unbiased,biased,1
B_red_rare,41,40154,unbiased,biased,1
B_red_rare,42,40155,unbiased,biased,3
B_red_rare,43,40156,unbiased,biased,1
B_red_rare,44,40157,unbiased,biased,1
B_red_rare,45,40158,unbiased,biased,2
B_red_rare,46,40159,unbiased,biased,1
B_red_rare,47,40160,unbiased,biased,1
B_red_rare,48,40161,unbiased,biased,1
B_red_rare,49,40162,unbiased,biased,1
B_red_rare,50,40163,unbiased,biased,1
B_red_rare,51,40164,unbiased,biased,1
B_red_rare,52,40165,unbiased,biased,1
B_red_rare,53,40166,unbiased,biased,1
B_red_rare,54,40167,unbiased,biased,1
B_red_rare,55,40168,unbiased,biased,1
B_red_rare,56,40169,unbiased,biased,1
B_red_rare,57,40170,unbiased,biased,2
B_red_rare,58,40171,unbiased,biased,2
B_red_rare,59,40172,unbiased,biased,1
B_red_rare,60,40173,unbiased,biased,1
A_blue_rare,941,85825,biased,unbiased,1
A_blue_rare,942,85826,biased,unbiased,1
A_blue_rare,943,85827,biased,unbiased,1
A_blue_rare,944,85828,biased,unbiased,1
A_blue_rare,945,85829,biased,unbiased,2
A_blue_rare,946,85830,biased,unbiased,1
A_blue_rare,947,85831,biased,unbiased,1
A_blue_rare,948,85832,biased,unbiased,1
A_blue_rare,949,85833,biased,unbiased,8
A_blue_rare,950,85834,biased,unbiased,1
A_blue_rare,951,85835,biased,unbiased,1
A_blue_rare,952,85836,biased,unbiased,1
A_blue_rare,953,85837,biased,unbiased,2
A_blue_rare,954,85838,biased,unbiased,3
A_blue_rare,955,85839,biased,unbiased,1
A_blue_rare,956,85840,biased,unbiased,1
A_blue_rare,957,85841,biased,unbiased,1
A_blue_rare,958,85842,biased,unbiased,2
A_blue_rare,959,85843,biased,unbiased,3
A_blue_rare,960,85844,biased,unbiased,1
B_red_rare,61,40174,unbiased,biased,2
B_red_rare,62,40175,unbiased,biased,1
B_red_rare,63,40176,unbiased,biased,1
B_red_rare,64,40177,unbiased,biased,1
B_red_rare,65,40178,unbiased,biased,1
B_red_rare,66,40179,unbiased,biased,1
B_red_rare,67,40180,unbiased,biased,3
B_red_rare,68,40181,unbiased,biased,2
B_red_rare,69,40182,unbiased,biased,1
B_red_rare,70,40183,unbiased,biased,1
B_red_rare,71,40184,unbiased,biased,5
B_red_rare,72,40185,unbiased,biased,1
B_red_rare,73,40186,unbiased,biased,1
B_red_rare,74,40187,unbiased,biased,1
B_red_rare,75,40188,unbiased,biased,1
B_red_rare,76,40189,unbiased,biased,1
B_red_rare,77,40190,unbiased,biased,1
B_red_rare,78,40191,unbiased,biased,1
B_red_rare,79,40192,unbiased,biased,1
B_red_rare,80,40193,unbiased,biased,1
B_red_rare,21,40134,unbiased,biased,1
B_red_rare,22,40135,unbiased,biased,1
B_red_rare,23,40136,unbiased,biased,1
B_red_rare,24,40137,unbiased,biased,2
B_red_rare,25,40138,unbiased,biased,2
B_red_rare,26,40139,unbiased,biased,2
B_red_rare,27,40140,unbiased,biased,1
B_red_rare,28,40141,unbiased,biased,1
B_red_rare,29,40142,unbiased,biased,1
B_red_rare,30,40143,unbiased,biased,2
B_red_rare,31,40144,unbiased,biased,1
B_red_rare,32,40145,unbiased,biased,1
B_red_rare,33,40146,unbiased,biased,1
B_red_rare,34,40147,unbiased,biased,2
B_red_rare,35,40148,unbiased,biased,5
B_red_rare,36,40149,unbiased,biased,1
B_red_rare,37,40150,unbiased,biased,2
B_red_rare,38,40151,unbiased,biased,1
B_red_rare,39,40152,unbiased,biased,9
B_red_rare,40,40153,unbiased,biased,1
B_red_rare,101,40214,unbiased,biased,1
B_red_rare,102,40215,unbiased,biased,1
B_red_rare,103,40216,unbiased,biased,1
B_red_rare,104,40217,unbiased,biased,1
B_red_rare,105,40218,unbiased,biased,3
B_red_rare,106,40219,unbiased,biased,1
B_red_rare,107,40220,unbiased,biased,2
B_red_rare,108,40221,unbiased,biased,1
B_red_rare,109,40222,unbiased,biased,1
B_red_rare,110,40223,unbiased,biased,1
B_red_rare,111,40224,unbiased,biased,1
B_red_rare,112,40225,unbiased,biased,1
B_red_rare,113,40226,unbiased,biased,1
B_red_rare,114,40227,unbiased,biased,1
B_red_rare,115,40228,unbiased,biased,1
B_red_rare,116,40229,unbiased,biased,2
B_red_rare,117,40230,unbiased,biased,1
B_red_rare,118,40231,unbiased,biased,1
B_red_rare,119,40232,unbiased,biased,1
B_red_rare,120,40233,unbiased,biased,1
A_blue_rare,901,85785,biased,unbiased,2
A_blue_rare,902,85786,biased,unbiased,6
A_blue_rare,903,85787,biased,unbiased,1
A_blue_rare,904,85788,biased,unbiased,1
A_blue_rare,905,85789,biased,biased,24
A_blue_rare,906,85790,biased,unbiased,1
A_blue_rare,907,85791,biased,unbiased,1
A_blue_rare,908,85792,biased,unbiased,2
A_blue_rare,909,85793,biased,unbiased,1
A_blue_rare,910,85794,biased,unbiased,1
A_blue_rare,911,85795,biased,unbiased,1
A_blue_rare,912,85796,biased,unbiased,1
A_blue_rare,913,85797,biased,unbiased,1
A_blue_rare,914,85798,biased,unbiased,1
A_blue_rare,915,85799,biased,unbiased,1
A_blue_rare,916,85800,biased,unbiased,2
A_blue_rare,917,85801,biased,unbiased,1
A_blue_rare,918,85802,biased,unbiased,2
A_blue_rare,919,85803,biased,unbiased,1
A_blue_rare,920,85804,biased,unbiased,3
B_red_rare,81,40194,unbiased,biased,2
B_red_rare,82,40195,unbiased,biased,1
B_red_rare,83,40196,unbiased,biased,1
B_red_rare,84,40197,unbiased,biased,1
B_red_rare,85,40198,unbiased,biased,1
B_red_rare,86,40199,unbiased,biased,2
B_red_rare,87,40200,unbiased,biased,1
B_red_rare,88,40201,unbiased,biased,1
B_red_rare,89,40202,unbiased,biased,2
B_red_rare,90,40203,unbiased,biased,1
B_red_rare,91,40204,unbiased,biased,2
B_red_rare,92,40205,unbiased,biased,1
B_red_rare,93,40206,unbiased,biased,2
B_red_rare,94,40207,unbiased,biased,3
B_red_rare,95,40208,unbiased,biased,2
B_red_rare,96,40209,unbiased,biased,2
B_red_rare,97,40210,unbiased,biased,4
B_red_rare,98,40211,unbiased,biased,2
B_red_rare,99,40212,unbiased,biased,1
B_red_rare,100,40213,unbiased,biased,1
A_blue_rare,741,85625,biased,unbiased,1
A_blue_rare,742,85626,biased,unbiased,1
A_blue_rare,743,85627,biased,unbiased,1
A_blue_rare,744,85628,biased,unbiased,2
A_blue_rare,745,85629,biased,biased,46
A_blue_rare,746,85630,biased,unbiased,1
A_blue_rare,747,85631,biased,unbiased,3
A_blue_rare,748,85632,biased,unbiased,1
A_blue_rare,749,85633,biased,unbiased,1
A_blue_rare,750,85634,biased,unbiased,1
A_blue_rare,751,85635,biased,unbiased,1
A_blue_rare,752,85636,biased,unbiased,1
A_blue_rare,753,85637,biased,unbiased,1
A_blue_rare,754,85638,biased,unbiased,1
A_blue_rare,755,85639,biased,unbiased,2
A_blue_rare,756,85640,biased,unbiased,1
A_blue_rare,757,85641,biased,unbiased,1
A_blue_rare,758,85642,biased,unbiased,6
A_blue_rare,759,85643,biased,unbiased,1
A_blue_rare,760,85644,biased,unbiased,12
B_red_rare,121,40234,unbiased,biased,1
B_red_rare,122,40235,unbiased,biased,1
B_red_rare,123,40236,unbiased,biased,1
B_red_rare,124,40237,unbiased,biased,1
B_red_rare,125,40238,unbiased,biased,1
B_red_rare,126,40239,unbiased,biased,2
B_red_rare,127,40240,unbiased,biased,1
B_red_rare,128,40241,unbiased,biased,1
B_red_rare,129,40242,unbiased,biased,4
B_red_rare,130,40243,unbiased,biased,1
B_red_rare,131,40244,unbiased,biased,1
B_red_rare,132,40245,unbiased,biased,2
B_red_rare,133,40246,unbiased,biased,6
B_red_rare,134,40247,unbiased,biased,1
B_red_rare,135,40248,unbiased,biased,1
B_red_rare,136,40249,unbiased,biased,1
B_red_rare,137,40250,unbiased,biased,1
B_red_rare,138,40251,unbiased,biased,2
B_red_rare,139,40252,unbiased,biased,1
B_red_rare,140,40253,unbiased,biased,1
A_blue_rare,761,85645,biased,unbiased,3
A_blue_rare,762,85646,biased,unbiased,4
A_blue_rare,763,85647,biased,unbiased,2
A_blue_rare,764,85648,biased,unbiased,1
A_blue_rare,765,85649,biased,biased,34
A_blue_rare,766,85650,biased,unbiased,6
A_blue_rare,767,85651,biased,unbiased,2
A_blue_rare,768,85652,biased,unbiased,1
A_blue_rare,769,85653,biased,unbiased,4
A_blue_rare,770,85654,biased,unbiased,1
A_blue_rare,771,85655,biased,unbiased,1
A_blue_rare,772,85656,biased,unbiased,2
A_blue_rare,773,85657,biased,unbiased,2
A_blue_rare,774,85658,biased,unbiased,1
A_blue_rare,775,85659,biased,unbiased,1
A_blue_rare,776,85660,biased,unbiased,1
A_blue_rare,777,85661,biased,unbiased,19
A_blue_rare,778,85662,biased,unbiased,1
A_blue_rare,779,85663,biased,unbiased,1
A_blue_rare,780,85664,biased,unbiased,1
A_blue_rare,981,85865,biased,unbiased,1
A_blue_rare,982,85866,biased,unbiased,5
A_blue_rare,983,85867,biased,unbiased,1
A_blue_rare,984,85868,biased,unbiased,2
A_blue_rare,985,85869,biased,unbiased,3
A_blue_rare,986,85870,biased,unbiased,1
A_blue_rare,987,85871,biased,unbiased,2
A_blue_rare,988,85872,biased,unbiased,2
A_blue_rare,989,85873,biased,unbiased,1
A_blue_rare,990,85874,biased,unbiased,1
A_blue_rare,991,85875,biased,unbiased,2
A_blue_rare,992,85876,biased,unbiased,16
A_blue_rare,993,85877,biased,unbiased,1
A_blue_rare,994,85878,biased,unbiased,11
A_blue_rare,995,85879,biased,unbiased,3
A_blue_rare,996,85880,biased,unbiased,2
A_blue_rare,997,85881,biased,unbiased,1
A_blue_rare,998,85882,biased,unbiased,1
A_blue_rare,999,85883,biased,unbiased,1
A_blue_rare,1000,85884,biased,unbiased,1
B_red_rare,181,40294,unbiased,biased,2
B_red_rare,182,40295,unbiased,biased,2
B_red_rare,183,40296,unbiased,biased,1
B_red_rare,184,40297,unbiased,biased,1
B_red_rare,185,40298,unbiased,biased,2
B_red_rare,186,40299,unbiased,biased,2
B_red_rare,187,40300,unbiased,biased,1
B_red_rare,188,40301,unbiased,biased,1
B_red_rare,189,40302,unbiased,biased,1
B_red_rare,190,40303,unbiased,biased,6
B_red_rare,191,40304,unbiased,biased,1
B_red_rare,192,40305,unbiased,biased,2
B_red_rare,193,40306,unbiased,biased,1
B_red_rare,194,40307,unbiased,biased,1
B_red_rare,195,40308,unbiased,biased,2
B_red_rare,196,40309,unbiased,biased,2
B_red_rare,197,40310,unbiased,biased,1
B_red_rare,198,40311,unbiased,biased,1
B_red_rare,199,40312,unbiased,biased,2
B_red_rare,200,40313,unbiased,biased,1
B_red_rare,241,40354,unbiased,biased,1
B_red_rare,242,40355,unbiased,biased,1
B_red_rare,243,40356,unbiased,biased,1
B_red_rare,244,40357,unbiased,biased,1
B_red_rare,245,40358,unbiased,biased,1
B_red_rare,246,40359,unbiased,biased,1
B_red_rare,247,40360,unbiased,biased,2
B_red_rare,248,40361,unbiased,biased,2
B_red_rare,249,40362,unbiased,biased,1
B_red_rare,250,40363,unbiased,biased,1
B_red_rare,251,40364,unbiased,biased,2
B_red_rare,252,40365,unbiased,biased,1
B_red_rare,253,40366,unbiased,biased,2
B_red_rare,254,40367,unbiased,biased,1
B_red_rare,255,40368,unbiased,biased,1
B_red_rare,256,40369,unbiased,biased,1
B_red_rare,257,40370,unbiased,biased,1
B_red_rare,258,40371,unbiased,biased,1
B_red_rare,259,40372,unbiased,biased,1
B_red_rare,260,40373,unbiased,biased,1
B_red_rare,221,40334,unbiased,biased,1
B_red_rare,222,40335,unbiased,biased,2
B_red_rare,223,40336,unbiased,biased,1
B_red_rare,224,40337,unbiased,biased,1
B_red_rare,225,40338,unbiased,biased,2
B_red_rare,226,40339,unbiased,biased,1
B_red_rare,227,40340,unbiased,biased,1
B_red_rare,228,40341,unbiased,biased,1
B_red_rare,229,40342,unbiased,biased,2
B_red_rare,230,40343,unbiased,biased,3
B_red_rare,231,40344,unbiased,biased,1
B_red_rare,232,40345,unbiased,biased,1
B_red_rare,233,40346,unbiased,biased,1
B_red_rare,234,40347,unbiased,biased,1
B_red_rare,235,40348,unbiased,biased,1
B_red_rare,236,40349,unbiased,biased,1
B_red_rare,237,40350,unbiased,biased,1
B_red_rare,238,40351,unbiased,biased,1
B_red_rare,239,40352,unbiased,biased,1
B_red_rare,240,40353,unbiased,biased,2
B_red_rare,161,40274,unbiased,biased,3
B_red_rare,162,40275,unbiased,biased,1
B_red_rare,163,40276,unbiased,biased,1
B_red_rare,164,40277,unbiased,biased,1
B_red_rare,165,40278,unbiased,biased,3
B_red_rare,166,40279,unbiased,biased,1
B_red_rare,167,40280,unbiased,biased,1
B_red_rare,168,40281,unbiased,biased,1
B_red_rare,169,40282,unbiased,biased,2
B_red_rare,170,40283,unbiased,biased,6
B_red_rare,171,40284,unbiased,biased,1
B_red_rare,172,40285,unbiased,biased,1
B_red_rare,173,40286,unbiased,biased,1
B_red_rare,174,40287,unbiased,biased,2
B_red_rare,175,40288,unbiased,biased,4
B_red_rare,176,40289,unbiased,biased,2
B_red_rare,177,40290,unbiased,biased,1
B_red_rare,178,40291,unbiased,biased,1
B_red_rare,179,40292,unbiased,biased,1
B_red_rare,180,40293,unbiased,biased,2
B_red_rare,141,40254,unbiased,biased,1
B_red_rare,142,40255,unbiased,biased,1
B_red_rare,143,40256,unbiased,biased,1
B_red_rare,144,40257,unbiased,biased,1
B_red_rare,145,40258,unbiased,biased,3
B_red_rare,146,40259,unbiased,biased,1
B_red_rare,147,40260,unbiased,biased,1
B_red_rare,148,40261,unbiased,biased,3
B_red_rare,149,40262,unbiased,biased,9
B_red_rare,150,40263,unbiased,biased,1
B_red_rare,151,40264,unbiased,biased,2
B_red_rare,152,40265,unbiased,biased,2
B_red_rare,153,40266,unbiased,biased,1
B_red_rare,154,40267,unbiased,biased,1
B_red_rare,155,40268,unbiased,biased,1
B_red_rare,156,40269,unbiased,biased,1
B_red_rare,157,40270,unbiased,biased,1
B_red_rare,158,40271,unbiased,biased,1
B_red_rare,159,40272,unbiased,biased,1
B_red_rare,160,40273,unbiased,biased,1
B_red_rare,201,40314,unbiased,biased,1
B_red_rare,202,40315,unbiased,biased,1
B_red_rare,203,40316,unbiased,biased,1
B_red_rare,204,40317,unbiased,biased,1
B_red_rare,205,40318,unbiased,biased,1
B_red_rare,206,40319,unbiased,biased,3
B_red_rare,207,40320,unbiased,biased,1
B_red_rare,208,40321,unbiased,biased,1
B_red_rare,209,40322,unbiased,biased,1
B_red_rare,210,40323,unbiased,biased,1
B_red_rare,211,40324,unbiased,biased,3
B_red_rare,212,40325,unbiased,biased,2
B_red_rare,213,40326,unbiased,biased,2
B_red_rare,214,40327,unbiased,biased,2
B_red_rare,215,40328,unbiased,biased,1
B_red_rare,216,40329,unbiased,biased,1
B_red_rare,217,40330,unbiased,biased,4
B_red_rare,218,40331,unbiased,biased,1
B_red_rare,219,40332,unbiased,biased,1
B_red_rare,220,40333,unbiased,biased,1
B_red_rare,261,40374,unbiased,biased,1
B_red_rare,262,40375,unbiased,biased,1
B_red_rare,263,40376,unbiased,biased,1
B_red_rare,264,40377,unbiased,biased,1
B_red_rare,265,40378,unbiased,biased,1
B_red_rare,266,40379,unbiased,biased,1
B_red_rare,267,40380,unbiased,biased,2
B_red_rare,268,40381,unbiased,biased,1
B_red_rare,269,40382,unbiased,biased,1
B_red_rare,270,40383,unbiased,biased,1
B_red_rare,271,40384,unbiased,biased,2
B_red_rare,272,40385,unbiased,biased,1
B_red_rare,273,40386,unbiased,biased,1
B_red_rare,274,40387,unbiased,biased,1
B_red_rare,275,40388,unbiased,biased,2
B_red_rare,276,40389,unbiased,biased,1
B_red_rare,277,40390,unbiased,biased,1
B_red_rare,278,40391,unbiased,biased,2
B_red_rare,279,40392,unbiased,biased,7
B_red_rare,280,40393,unbiased,biased,8
B_red_rare,301,40414,unbiased,biased,1
B_red_rare,302,40415,unbiased,biased,1
B_red_rare,303,40416,unbiased,biased,1
B_red_rare,304,40417,unbiased,biased,1
B_red_rare,305,40418,unbiased,biased,2
B_red_rare,306,40419,unbiased,biased,2
B_red_rare,307,40420,unbiased,biased,1
B_red_rare,308,40421,unbiased,biased,1
B_red_rare,309,40422,unbiased,biased,2
B_red_rare,310,40423,unbiased,biased,1
B_red_rare,311,40424,unbiased,biased,1
B_red_rare,312,40425,unbiased,biased,1
B_red_rare,313,40426,unbiased,biased,1
B_red_rare,314,40427,unbiased,biased,2
B_red_rare,315,40428,unbiased,biased,4
B_red_rare,316,40429,unbiased,biased,1
B_red_rare,317,40430,unbiased,biased,2
B_red_rare,318,40431,unbiased,biased,2
B_red_rare,319,40432,unbiased,biased,1
B_red_rare,320,40433,unbiased,biased,2
B_red_rare,281,40394,unbiased,biased,1
B_red_rare,282,40395,unbiased,biased,1
B_red_rare,283,40396,unbiased,biased,1
B_red_rare,284,40397,unbiased,biased,1
B_red_rare,285,40398,unbiased,biased,2
B_red_rare,286,40399,unbiased,biased,1
B_red_rare,287,40400,unbiased,biased,1
B_red_rare,288,40401,unbiased,biased,3
B_red_rare,289,40402,unbiased,biased,4
B_red_rare,290,40403,unbiased,biased,1
B_red_rare,291,40404,unbiased,biased,1
B_red_rare,292,40405,unbiased,biased,1
B_red_rare,293,40406,unbiased,biased,1
B_red_rare,294,40407,unbiased,biased,2
B_red_rare,295,40408,unbiased,biased,1
B_red_rare,296,40409,unbiased,biased,5
B_red_rare,297,40410,unbiased,biased,2
B_red_rare,298,40411,unbiased,biased,1
B_red_rare,299,40412,unbiased,biased,2
B_red_rare,300,40413,unbiased,biased,1
B_red_rare,341,40454,unbiased,biased,1
B_red_rare,342,40455,unbiased,biased,1
B_red_rare,343,40456,unbiased,biased,2
B_red_rare,344,40457,unbiased,biased,1
B_red_rare,345,40458,unbiased,biased,1
B_red_rare,346,40459,unbiased,biased,2
B_red_rare,347,40460,unbiased,biased,1
B_red_rare,348,40461,unbiased,biased,1
B_red_rare,349,40462,unbiased,biased,1
B_red_rare,350,40463,unbiased,biased,1
B_red_rare,351,40464,unbiased,biased,1
B_red_rare,352,40465,unbiased,biased,1
B_red_rare,353,40466,unbiased,biased,1
B_red_rare,354,40467,unbiased,biased,2
B_red_rare,355,40468,unbiased,biased,1
B_red_rare,356,40469,unbiased,biased,1
B_red_rare,357,40470,unbiased,biased,1
B_red_rare,358,40471,unbiased,biased,1
B_red_rare,359,40472,unbiased,biased,5
B_red_rare,360,40473,unbiased,biased,1
B_red_rare,321,40434,unbiased,biased,2
B_red_rare,322,40435,unbiased,biased,1
B_red_rare,323,40436,unbiased,biased,3
B_red_rare,324,40437,unbiased,biased,1
B_red_rare,325,40438,unbiased,biased,1
B_red_rare,326,40439,unbiased,biased,2
B_red_rare,327,40440,unbiased,biased,3
B_red_rare,328,40441,unbiased,biased,1
B_red_rare,329,40442,unbiased,biased,2
B_red_rare,330,40443,unbiased,biased,1
B_red_rare,331,40444,unbiased,biased,3
B_red_rare,332,40445,unbiased,biased,2
B_red_rare,333,40446,unbiased,biased,1
B_red_rare,334,40447,unbiased,biased,1
B_red_rare,335,40448,unbiased,biased,1
B_red_rare,336,40449,unbiased,biased,2
B_red_rare,337,40450,unbiased,biased,1
B_red_rare,338,40451,unbiased,biased,1
B_red_rare,339,40452,unbiased,biased,1
B_red_rare,340,40453,unbiased,biased,1
B_red_rare,381,40494,unbiased,biased,2
B_red_rare,382,40495,unbiased,biased,1
B_red_rare,383,40496,unbiased,biased,1
B_red_rare,384,40497,unbiased,biased,1
B_red_rare,385,40498,unbiased,biased,1
B_red_rare,386,40499,unbiased,biased,1
B_red_rare,387,40500,unbiased,biased,3
B_red_rare,388,40501,unbiased,biased,1
B_red_rare,389,40502,unbiased,biased,1
B_red_rare,390,40503,unbiased,biased,1
B_red_rare,391,40504,unbiased,biased,1
B_red_rare,392,40505,unbiased,biased,2
B_red_rare,393,40506,unbiased,biased,1
B_red_rare,394,40507,unbiased,biased,1
B_red_rare,395,40508,unbiased,biased,2
B_red_rare,396,40509,unbiased,biased,2
B_red_rare,397,40510,unbiased,biased,1
B_red_rare,398,40511,unbiased,biased,2
B_red_rare,399,40512,unbiased,biased,1
B_red_rare,400,40513,unbiased,biased,1
B_red_rare,361,40474,unbiased,biased,1
B_red_rare,362,40475,unbiased,biased,6
B_red_rare,363,40476,unbiased,biased,2
B_red_rare,364,40477,unbiased,biased,1
B_red_rare,365,40478,unbiased,biased,1
B_red_rare,366,40479,unbiased,biased,1
B_red_rare,367,40480,unbiased,biased,2
B_red_rare,368,40481,unbiased,biased,1
B_red_rare,369,40482,unbiased,biased,1
B_red_rare,370,40483,unbiased,biased,1
B_red_rare,371,40484,unbiased,biased,1
B_red_rare,372,40485,unbiased,biased,2
B_red_rare,373,40486,unbiased,biased,1
B_red_rare,374,40487,unbiased,biased,5
B_red_rare,375,40488,unbiased,biased,1
B_red_rare,376,40489,unbiased,biased,1
B_red_rare,377,40490,unbiased,biased,1
B_red_rare,378,40491,unbiased,biased,1
B_red_rare,379,40492,unbiased,biased,1
B_red_rare,380,40493,unbiased,biased,4
B_red_rare,421,40534,unbiased,biased,1
B_red_rare,422,40535,unbiased,biased,1
B_red_rare,423,40536,unbiased,biased,1
B_red_rare,424,40537,unbiased,biased,2
B_red_rare,425,40538,unbiased,biased,1
B_red_rare,426,40539,unbiased,biased,1
B_red_rare,427,40540,unbiased,biased,1
B_red_rare,428,40541,unbiased,biased,2
B_red_rare,429,40542,unbiased,biased,1
B_red_rare,430,40543,unbiased,biased,1
B_red_rare,431,40544,unbiased,biased,3
B_red_rare,432,40545,unbiased,biased,2
B_red_rare,433,40546,unbiased,biased,1
B_red_rare,434,40547,unbiased,biased,3
B_red_rare,435,40548,unbiased,biased,4
B_red_rare,436,40549,unbiased,biased,2
B_red_rare,437,40550,unbiased,biased,3
B_red_rare,438,40551,unbiased,biased,1
B_red_rare,439,40552,unbiased,biased,1
B_red_rare,440,40553,unbiased,biased,1
B_red_rare,461,40574,unbiased,biased,1
B_red_rare,462,40575,unbiased,biased,1
B_red_rare,463,40576,unbiased,biased,1
B_red_rare,464,40577,unbiased,biased,1
B_red_rare,465,40578,unbiased,biased,1
B_red_rare,466,40579,unbiased,biased,1
B_red_rare,467,40580,unbiased,biased,1
B_red_rare,468,40581,unbiased,biased,3
B_red_rare,469,40582,unbiased,biased,2
B_red_rare,470,40583,unbiased,biased,2
B_red_rare,471,40584,unbiased,biased,1
B_red_rare,472,40585,unbiased,biased,2
B_red_rare,473,40586,unbiased,biased,3
B_red_rare,474,40587,unbiased,biased,1
B_red_rare,475,40588,unbiased,biased,2
B_red_rare,476,40589,unbiased,biased,1
B_red_rare,477,40590,unbiased,biased,1
B_red_rare,478,40591,unbiased,biased,1
B_red_rare,479,40592,unbiased,biased,1
B_red_rare,480,40593,unbiased,biased,4
B_red_rare,501,40614,unbiased,biased,1
B_red_rare,502,40615,unbiased,biased,1
B_red_rare,503,40616,unbiased,biased,1
B_red_rare,504,40617,unbiased,biased,1
B_red_rare,505,40618,unbiased,biased,1
B_red_rare,506,40619,unbiased,biased,1
B_red_rare,507,40620,unbiased,biased,1
B_red_rare,508,40621,unbiased,biased,1
B_red_rare,509,40622,unbiased,biased,2
B_red_rare,510,40623,unbiased,biased,1
B_red_rare,511,40624,unbiased,biased,1
B_red_rare,512,40625,unbiased,biased,1
B_red_rare,513,40626,unbiased,biased,1
B_red_rare,514,40627,unbiased,biased,1
B_red_rare,515,40628,unbiased,biased,1
B_red_rare,516,40629,unbiased,biased,1
B_red_rare,517,40630,unbiased,biased,2
B_red_rare,518,40631,unbiased,biased,1
B_red_rare,519,40632,unbiased,biased,1
B_red_rare,520,40633,unbiased,biased,1
B_red_rare,401,40514,unbiased,biased,1
B_red_rare,402,40515,unbiased,biased,3
B_red_rare,403,40516,unbiased,biased,1
B_red_rare,404,40517,unbiased,biased,1
B_red_rare,405,40518,unbiased,biased,6
B_red_rare,406,40519,unbiased,biased,1
B_red_rare,407,40520,unbiased,biased,1
B_red_rare,408,40521,unbiased,biased,1
B_red_rare,409,40522,unbiased,biased,1
B_red_rare,410,40523,unbiased,biased,1
B_red_rare,411,40524,unbiased,biased,1
B_red_rare,412,40525,unbiased,biased,1
B_red_rare,413,40526,unbiased,biased,1
B_red_rare,414,40527,unbiased,biased,2
B_red_rare,415,40528,unbiased,biased,5
B_red_rare,416,40529,unbiased,biased,1
B_red_rare,417,40530,unbiased,biased,2
B_red_rare,418,40531,unbiased,biased,2
B_red_rare,419,40532,unbiased,biased,2
B_red_rare,420,40533,unbiased,biased,2
B_red_rare,441,40554,unbiased,biased,1
B_red_rare,442,40555,unbiased,biased,1
B_red_rare,443,40556,unbiased,biased,1
B_red_rare,444,40557,unbiased,biased,2
B_red_rare,445,40558,unbiased,biased,1
B_red_rare,446,40559,unbiased,biased,2
B_red_rare,447,40560,unbiased,biased,1
B_red_rare,448,40561,unbiased,biased,1
B_red_rare,449,40562,unbiased,biased,1
B_red_rare,450,40563,unbiased,biased,1
B_red_rare,451,40564,unbiased,biased,1
B_red_rare,452,40565,unbiased,biased,4
B_red_rare,453,40566,unbiased,biased,1
B_red_rare,454,40567,unbiased,biased,1
B_red_rare,455,40568,unbiased,biased,1
B_red_rare,456,40569,unbiased,biased,1
B_red_rare,457,40570,unbiased,biased,11
B_red_rare,458,40571,unbiased,biased,1
B_red_rare,459,40572,unbiased,biased,1
B_red_rare,460,40573,unbiased,biased,1
B_red_rare,581,40694,unbiased,biased,1
B_red_rare,582,40695,unbiased,biased,2
B_red_rare,583,40696,unbiased,biased,1
B_red_rare,584,40697,unbiased,biased,1
B_red_rare,585,40698,unbiased,biased,1
B_red_rare,586,40699,unbiased,biased,1
B_red_rare,587,40700,unbiased,biased,2
B_red_rare,588,40701,unbiased,biased,1
B_red_rare,589,40702,unbiased,biased,1
B_red_rare,590,40703,unbiased,biased,1
B_red_rare,591,40704,unbiased,biased,1
B_red_rare,592,40705,unbiased,biased,1
B_red_rare,593,40706,unbiased,biased,2
B_red_rare,594,40707,unbiased,biased,5
B_red_rare,595,40708,unbiased,biased,2
B_red_rare,596,40709,unbiased,biased,1
B_red_rare,597,40710,unbiased,biased,1
B_red_rare,598,40711,unbiased,biased,1
B_red_rare,599,40712,unbiased,biased,1
B_red_rare,600,40713,unbiased,biased,1
B_red_rare,481,40594,unbiased,biased,1
B_red_rare,482,40595,unbiased,biased,1
B_red_rare,483,40596,unbiased,biased,1
B_red_rare,484,40597,unbiased,biased,1
B_red_rare,485,40598,unbiased,biased,3
B_red_rare,486,40599,unbiased,biased,1
B_red_rare,487,40600,unbiased,biased,2
B_red_rare,488,40601,unbiased,biased,1
B_red_rare,489,40602,unbiased,biased,1
B_red_rare,490,40603,unbiased,biased,9
B_red_rare,491,40604,unbiased,biased,2
B_red_rare,492,40605,unbiased,biased,1
B_red_rare,493,40606,unbiased,biased,1
B_red_rare,494,40607,unbiased,biased,3
B_red_rare,495,40608,unbiased,biased,1
B_red_rare,496,40609,unbiased,biased,2
B_red_rare,497,40610,unbiased,biased,1
B_red_rare,498,40611,unbiased,biased,3
B_red_rare,499,40612,unbiased,biased,1
B_red_rare,500,40613,unbiased,biased,3
B_red_rare,541,40654,unbiased,biased,1
B_red_rare,542,40655,unbiased,biased,2
B_red_rare,543,40656,unbiased,biased,1
B_red_rare,544,40657,unbiased,biased,2
B_red_rare,545,40658,unbiased,biased,1
B_red_rare,546,40659,unbiased,biased,4
B_red_rare,547,40660,unbiased,biased,1
B_red_rare,548,40661,unbiased,biased,1
B_red_rare,549,40662,unbiased,biased,1
B_red_rare,550,40663,unbiased,biased,1
B_red_rare,551,40664,unbiased,biased,1
B_red_rare,552,40665,unbiased,biased,3
B_red_rare,553,40666,unbiased,biased,1
B_red_rare,554,40667,unbiased,biased,1
B_red_rare,555,40668,unbiased,biased,8
B_red_rare,556,40669,unbiased,biased,2
B_red_rare,557,40670,unbiased,biased,1
B_red_rare,558,40671,unbiased,biased,2
B_red_rare,559,40672,unbiased,biased,1
B_red_rare,560,40673,unbiased,biased,1
B_red_rare,601,40714,unbiased,biased,2
B_red_rare,602,40715,unbiased,biased,1
B_red_rare,603,40716,unbiased,biased,1
B_red_rare,604,40717,unbiased,biased,1
B_red_rare,605,40718,unbiased,biased,1
B_red_rare,606,40719,unbiased,biased,1
B_red_rare,607,40720,unbiased,biased,1
B_red_rare,608,40721,unbiased,biased,1
B_red_rare,609,40722,unbiased,biased,2
B_red_rare,610,40723,unbiased,biased,1
B_red_rare,611,40724,unbiased,biased,2
B_red_rare,612,40725,unbiased,biased,1
B_red_rare,613,40726,unbiased,biased,1
B_red_rare,614,40727,unbiased,biased,3
B_red_rare,615,40728,unbiased,biased,1
B_red_rare,616,40729,unbiased,biased,2
B_red_rare,617,40730,unbiased,biased,1
B_red_rare,618,40731,unbiased,biased,1
B_red_rare,619,40732,unbiased,biased,1
B_red_rare,620,40733,unbiased,biased,1
B_red_rare,521,40634,unbiased,biased,1
B_red_rare,522,40635,unbiased,biased,1
B_red_rare,523,40636,unbiased,biased,4
B_red_rare,524,40637,unbiased,biased,2
B_red_rare,525,40638,unbiased,biased,1
B_red_rare,526,40639,unbiased,biased,1
B_red_rare,527,40640,unbiased,biased,5
B_red_rare,528,40641,unbiased,biased,1
B_red_rare,529,40642,unbiased,biased,5
B_red_rare,530,40643,unbiased,biased,1
B_red_rare,531,40644,unbiased,biased,3
B_red_rare,532,40645,unbiased,biased,1
B_red_rare,533,40646,unbiased,biased,1
B_red_rare,534,40647,unbiased,biased,1
B_red_rare,535,40648,unbiased,biased,1
B_red_rare,536,40649,unbiased,biased,6
B_red_rare,537,40650,unbiased,biased,2
B_red_rare,538,40651,unbiased,biased,1
B_red_rare,539,40652,unbiased,biased,1
B_red_rare,540,40653,unbiased,biased,2
B_red_rare,701,40814,unbiased,biased,2
B_red_rare,702,40815,unbiased,biased,1
B_red_rare,703,40816,unbiased,biased,3
B_red_rare,704,40817,unbiased,biased,1
B_red_rare,705,40818,unbiased,biased,1
B_red_rare,706,40819,unbiased,biased,1
B_red_rare,707,40820,unbiased,biased,1
B_red_rare,708,40821,unbiased,biased,1
B_red_rare,709,40822,unbiased,biased,1
B_red_rare,710,40823,unbiased,biased,1
B_red_rare,711,40824,unbiased,biased,1
B_red_rare,712,40825,unbiased,biased,1
B_red_rare,713,40826,unbiased,biased,1
B_red_rare,714,40827,unbiased,biased,1
B_red_rare,715,40828,unbiased,biased,1
B_red_rare,716,40829,unbiased,biased,1
B_red_rare,717,40830,unbiased,biased,1
B_red_rare,718,40831,unbiased,biased,2
B_red_rare,719,40832,unbiased,biased,1
B_red_rare,720,40833,unbiased,biased,1
B_red_rare,621,40734,unbiased,biased,1
B_red_rare,622,40735,unbiased,biased,2
B_red_rare,623,40736,unbiased,biased,1
B_red_rare,624,40737,unbiased,biased,1
B_red_rare,625,40738,unbiased,biased,1
B_red_rare,626,40739,unbiased,biased,3
B_red_rare,627,40740,unbiased,biased,1
B_red_rare,628,40741,unbiased,biased,2
B_red_rare,629,40742,unbiased,biased,1
B_red_rare,630,40743,unbiased,biased,2
B_red_rare,631,40744,unbiased,biased,3
B_red_rare,632,40745,unbiased,biased,1
B_red_rare,633,40746,unbiased,biased,1
B_red_rare,634,40747,unbiased,biased,1
B_red_rare,635,40748,unbiased,biased,2
B_red_rare,636,40749,unbiased,biased,1
B_red_rare,637,40750,unbiased,biased,2
B_red_rare,638,40751,unbiased,biased,2
B_red_rare,639,40752,unbiased,biased,1
B_red_rare,640,40753,unbiased,biased,1
B_red_rare,641,40754,unbiased,biased,1
B_red_rare,642,40755,unbiased,biased,1
B_red_rare,643,40756,unbiased,biased,1
B_red_rare,644,40757,unbiased,biased,2
B_red_rare,645,40758,unbiased,biased,1
B_red_rare,646,40759,unbiased,biased,2
B_red_rare,647,40760,unbiased,biased,2
B_red_rare,648,40761,unbiased,biased,1
B_red_rare,649,40762,unbiased,biased,1
B_red_rare,650,40763,unbiased,biased,2
B_red_rare,651,40764,unbiased,biased,2
B_red_rare,652,40765,unbiased,biased,1
B_red_rare,653,40766,unbiased,biased,2
B_red_rare,654,40767,unbiased,biased,1
B_red_rare,655,40768,unbiased,biased,1
B_red_rare,656,40769,unbiased,biased,3
B_red_rare,657,40770,unbiased,biased,1
B_red_rare,658,40771,unbiased,biased,2
B_red_rare,659,40772,unbiased,biased,1
B_red_rare,660,40773,unbiased,biased,1
B_red_rare,661,40774,unbiased,biased,2
B_red_rare,662,40775,unbiased,biased,1
B_red_rare,663,40776,unbiased,biased,1
B_red_rare,664,40777,unbiased,biased,1
B_red_rare,665,40778,unbiased,biased,2
B_red_rare,666,40779,unbiased,biased,3
B_red_rare,667,40780,unbiased,biased,2
B_red_rare,668,40781,unbiased,biased,2
B_red_rare,669,40782,unbiased,biased,1
B_red_rare,670,40783,unbiased,biased,1
B_red_rare,671,40784,unbiased,biased,1
B_red_rare,672,40785,unbiased,biased,2
B_red_rare,673,40786,unbiased,biased,1
B_red_rare,674,40787,unbiased,biased,2
B_red_rare,675,40788,unbiased,biased,1
B_red_rare,676,40789,unbiased,biased,1
B_red_rare,677,40790,unbiased,biased,3
B_red_rare,678,40791,unbiased,biased,2
B_red_rare,679,40792,unbiased,biased,1
B_red_rare,680,40793,unbiased,biased,1
B_red_rare,681,40794,unbiased,biased,5
B_red_rare,682,40795,unbiased,biased,1
B_red_rare,683,40796,unbiased,biased,1
B_red_rare,684,40797,unbiased,biased,2
B_red_rare,685,40798,unbiased,biased,2
B_red_rare,686,40799,unbiased,biased,1
B_red_rare,687,40800,unbiased,biased,1
B_red_rare,688,40801,unbiased,biased,1
B_red_rare,689,40802,unbiased,biased,1
B_red_rare,690,40803,unbiased,biased,1
B_red_rare,691,40804,unbiased,biased,2
B_red_rare,692,40805,unbiased,biased,1
B_red_rare,693,40806,unbiased,biased,2
B_red_rare,694,40807,unbiased,biased,1
B_red_rare,695,40808,unbiased,biased,1
B_red_rare,696,40809,unbiased,biased,1
B_red_rare,697,40810,unbiased,biased,1
B_red_rare,698,40811,unbiased,biased,1
B_red_rare,699,40812,unbiased,biased,1
B_red_rare,700,40813,unbiased,biased,2
B_red_rare,741,40854,unbiased,biased,1
B_red_rare,742,40855,unbiased,biased,1
B_red_rare,743,40856,unbiased,biased,1
B_red_rare,744,40857,unbiased,biased,1
B_red_rare,745,40858,unbiased,biased,1
B_red_rare,746,40859,unbiased,biased,1
B_red_rare,747,40860,unbiased,biased,1
B_red_rare,748,40861,unbiased,biased,1
B_red_rare,749,40862,unbiased,biased,2
B_red_rare,750,40863,unbiased,biased,3
B_red_rare,751,40864,unbiased,biased,1
B_red_rare,752,40865,unbiased,biased,1
B_red_rare,753,40866,unbiased,biased,1
B_red_rare,754,40867,unbiased,biased,1
B_red_rare,755,40868,unbiased,biased,1
B_red_rare,756,40869,unbiased,biased,1
B_red_rare,757,40870,unbiased,biased,1
B_red_rare,758,40871,unbiased,biased,1
B_red_rare,759,40872,unbiased,biased,1
B_red_rare,760,40873,unbiased,biased,1
B_red_rare,561,40674,unbiased,biased,2
B_red_rare,562,40675,unbiased,biased,1
B_red_rare,563,40676,unbiased,biased,4
B_red_rare,564,40677,unbiased,biased,1
B_red_rare,565,40678,unbiased,biased,3
B_red_rare,566,40679,unbiased,biased,1
B_red_rare,567,40680,unbiased,biased,4
B_red_rare,568,40681,unbiased,biased,1
B_red_rare,569,40682,unbiased,biased,2
B_red_rare,570,40683,unbiased,biased,2
B_red_rare,571,40684,unbiased,biased,1
B_red_rare,572,40685,unbiased,biased,1
B_red_rare,573,40686,unbiased,biased,2
B_red_rare,574,40687,unbiased,biased,1
B_red_rare,575,40688,unbiased,biased,1
B_red_rare,576,40689,unbiased,unbiased,17
B_red_rare,577,40690,unbiased,biased,1
B_red_rare,578,40691,unbiased,biased,1
B_red_rare,579,40692,unbiased,biased,1
B_red_rare,580,40693,unbiased,biased,1
B_red_rare,721,40834,unbiased,biased,1
B_red_rare,722,40835,unbiased,biased,2
B_red_rare,723,40836,unbiased,biased,9
B_red_rare,724,40837,unbiased,biased,2
B_red_rare,725,40838,unbiased,biased,3
B_red_rare,726,40839,unbiased,biased,3
B_red_rare,727,40840,unbiased,biased,2
B_red_rare,728,40841,unbiased,biased,1
B_red_rare,729,40842,unbiased,biased,1
B_red_rare,730,40843,unbiased,biased,1
B_red_rare,731,40844,unbiased,biased,2
B_red_rare,732,40845,unbiased,biased,1
B_red_rare,733,40846,unbiased,biased,1
B_red_rare,734,40847,unbiased,biased,3
B_red_rare,735,40848,unbiased,biased,3
B_red_rare,736,40849,unbiased,biased,1
B_red_rare,737,40850,unbiased,biased,1
B_red_rare,738,40851,unbiased,biased,1
B_red_rare,739,40852,unbiased,biased,1
B_red_rare,740,40853,unbiased,biased,1
B_red_rare,781,40894,unbiased,biased,2
B_red_rare,782,40895,unbiased,biased,1
B_red_rare,783,40896,unbiased,biased,1
B_red_rare,784,40897,unbiased,biased,2
B_red_rare,785,40898,unbiased,biased,2
B_red_rare,786,40899,unbiased,biased,2
B_red_rare,787,40900,unbiased,biased,1
B_red_rare,788,40901,unbiased,biased,3
B_red_rare,789,40902,unbiased,biased,2
B_red_rare,790,40903,unbiased,biased,1
B_red_rare,791,40904,unbiased,biased,3
B_red_rare,792,40905,unbiased,biased,3
B_red_rare,793,40906,unbiased,biased,1
B_red_rare,794,40907,unbiased,biased,1
B_red_rare,795,40908,unbiased,biased,1
B_red_rare,796,40909,unbiased,biased,1
B_red_rare,797,40910,unbiased,biased,2
B_red_rare,798,40911,unbiased,biased,1
B_red_rare,799,40912,unbiased,biased,1
B_red_rare,800,40913,unbiased,biased,1
B_red_rare,801,40914,unbiased,biased,1
B_red_rare,802,40915,unbiased,biased,1
B_red_rare,803,40916,unbiased,biased,1
B_red_rare,804,40917,unbiased,biased,1
B_red_rare,805,40918,unbiased,biased,2
B_red_rare,806,40919,unbiased,biased,1
B_red_rare,807,40920,unbiased,biased,1
B_red_rare,808,40921,unbiased,biased,1
B_red_rare,809,40922,unbiased,biased,1
B_red_rare,810,40923,unbiased,biased,2
B_red_rare,811,40924,unbiased,biased,1
B_red_rare,812,40925,unbiased,biased,1
B_red_rare,813,40926,unbiased,biased,1
B_red_rare,814,40927,unbiased,biased,3
B_red_rare,815,40928,unbiased,biased,5
B_red_rare,816,40929,unbiased,biased,2
B_red_rare,817,40930,unbiased,biased,1
B_red_rare,818,40931,unbiased,biased,1
B_red_rare,819,40932,unbiased,biased,1
B_red_rare,820,40933,unbiased,biased,1
B_red_rare,861,40974,unbiased,biased,2
B_red_rare,862,40975,unbiased,biased,1
B_red_rare,863,40976,unbiased,biased,1
B_red_rare,864,40977,unbiased,biased,1
B_red_rare,865,40978,unbiased,biased,2
B_red_rare,866,40979,unbiased,biased,1
B_red_rare,867,40980,unbiased,biased,1
B_red_rare,868,40981,unbiased,biased,2
B_red_rare,869,40982,unbiased,biased,1
B_red_rare,870,40983,unbiased,biased,1
B_red_rare,871,40984,unbiased,biased,1
B_red_rare,872,40985,unbiased,biased,1
B_red_rare,873,40986,unbiased,biased,1
B_red_rare,874,40987,unbiased,biased,1
B_red_rare,875,40988,unbiased,biased,1
B_red_rare,876,40989,unbiased,biased,1
B_red_rare,877,40990,unbiased,biased,1
B_red_rare,878,40991,unbiased,biased,1
B_red_rare,879,40992,unbiased,biased,2
B_red_rare,880,40993,unbiased,biased,1
B_red_rare,761,40874,unbiased,biased,1
B_red_rare,762,40875,unbiased,biased,2
B_red_rare,763,40876,unbiased,biased,1
B_red_rare,764,40877,unbiased,biased,1
B_red_rare,765,40878,unbiased,biased,2
B_red_rare,766,40879,unbiased,biased,1
B_red_rare,767,40880,unbiased,biased,2
B_red_rare,768,40881,unbiased,biased,8
B_red_rare,769,40882,unbiased,biased,1
B_red_rare,770,40883,unbiased,biased,2
B_red_rare,771,40884,unbiased,biased,1
B_red_rare,772,40885,unbiased,biased,6
B_red_rare,773,40886,unbiased,biased,1
B_red_rare,774,40887,unbiased,biased,1
B_red_rare,775,40888,unbiased,biased,1
B_red_rare,776,40889,unbiased,biased,1
B_red_rare,777,40890,unbiased,biased,1
B_red_rare,778,40891,unbiased,biased,1
B_red_rare,779,40892,unbiased,biased,6
B_red_rare,780,40893,unbiased,biased,1
B_red_rare,881,40994,unbiased,biased,1
B_red_rare,882,40995,unbiased,biased,1
B_red_rare,883,40996,unbiased,biased,3
B_red_rare,884,40997,unbiased,biased,2
B_red_rare,885,40998,unbiased,biased,1
B_red_rare,886,40999,unbiased,biased,2
B_red_rare,887,41000,unbiased,biased,1
B_red_rare,888,41001,unbiased,biased,1
B_red_rare,889,41002,unbiased,biased,1
B_red_rare,890,41003,unbiased,biased,2
B_red_rare,891,41004,unbiased,biased,2
B_red_rare,892,41005,unbiased,biased,1
B_red_rare,893,41006,unbiased,biased,1
B_red_rare,894,41007,unbiased,biased,2
B_red_rare,895,41008,unbiased,biased,1
B_red_rare,896,41009,unbiased,biased,4
B_red_rare,897,41010,unbiased,biased,1
B_red_rare,898,41011,unbiased,biased,1
B_red_rare,899,41012,unbiased,biased,1
B_red_rare,900,41013,unbiased,biased,1
B_red_rare,941,41054,unbiased,biased,2
B_red_rare,942,41055,unbiased,biased,1
B_red_rare,943,41056,unbiased,biased,1
B_red_rare,944,41057,unbiased,biased,1
B_red_rare,945,41058,unbiased,biased,2
B_red_rare,946,41059,unbiased,biased,1
B_red_rare,947,41060,unbiased,biased,1
B_red_rare,948,41061,unbiased,biased,2
B_red_rare,949,41062,unbiased,biased,1
B_red_rare,950,41063,unbiased,biased,1
B_red_rare,951,41064,unbiased,biased,1
B_red_rare,952,41065,unbiased,biased,1
B_red_rare,953,41066,unbiased,biased,4
B_red_rare,954,41067,unbiased,biased,1
B_red_rare,955,41068,unbiased,biased,3
B_red_rare,956,41069,unbiased,biased,1
B_red_rare,957,41070,unbiased,biased,1
B_red_rare,958,41071,unbiased,biased,2
B_red_rare,959,41072,unbiased,biased,1
B_red_rare,960,41073,unbiased,biased,1
B_red_rare,921,41034,unbiased,biased,3
B_red_rare,922,41035,unbiased,biased,2
B_red_rare,923,41036,unbiased,biased,1
B_red_rare,924,41037,unbiased,biased,1
B_red_rare,925,41038,unbiased,biased,3
B_red_rare,926,41039,unbiased,biased,1
B_red_rare,927,41040,unbiased,biased,1
B_red_rare,928,41041,unbiased,biased,1
B_red_rare,929,41042,unbiased,biased,1
B_red_rare,930,41043,unbiased,biased,2
B_red_rare,931,41044,unbiased,biased,1
B_red_rare,932,41045,unbiased,biased,1
B_red_rare,933,41046,unbiased,biased,1
B_red_rare,934,41047,unbiased,biased,1
B_red_rare,935,41048,unbiased,biased,1
B_red_rare,936,41049,unbiased,biased,2
B_red_rare,937,41050,unbiased,biased,1
B_red_rare,938,41051,unbiased,biased,1
B_red_rare,939,41052,unbiased,biased,2
B_red_rare,940,41053,unbiased,biased,2
B_red_rare,841,40954,unbiased,biased,1
B_red_rare,842,40955,unbiased,biased,3
B_red_rare,843,40956,unbiased,biased,2
B_red_rare,844,40957,unbiased,biased,1
B_red_rare,845,40958,unbiased,biased,1
B_red_rare,846,40959,unbiased,biased,1
B_red_rare,847,40960,unbiased,biased,1
B_red_rare,848,40961,unbiased,biased,1
B_red_rare,849,40962,unbiased,biased,1
B_red_rare,850,40963,unbiased,biased,3
B_red_rare,851,40964,unbiased,biased,1
B_red_rare,852,40965,unbiased,biased,3
B_red_rare,853,40966,unbiased,biased,1
B_red_rare,854,40967,unbiased,biased,1
B_red_rare,855,40968,unbiased,biased,8
B_red_rare,856,40969,unbiased,biased,1
B_red_rare,857,40970,unbiased,biased,1
B_red_rare,858,40971,unbiased,biased,1
B_red_rare,859,40972,unbiased,biased,1
B_red_rare,860,40973,unbiased,biased,3
B_red_rare,901,41014,unbiased,biased,1
B_red_rare,902,41015,unbiased,biased,1
B_red_rare,903,41016,unbiased,biased,1
B_red_rare,904,41017,unbiased,biased,7
B_red_rare,905,41018,unbiased,biased,3
B_red_rare,906,41019,unbiased,biased,3
B_red_rare,907,41020,unbiased,biased,1
B_red_rare,908,41021,unbiased,biased,1
B_red_rare,909,41022,unbiased,biased,1
B_red_rare,910,41023,unbiased,biased,1
B_red_rare,911,41024,unbiased,biased,2
B_red_rare,912,41025,unbiased,biased,2
B_red_rare,913,41026,unbiased,biased,1
B_red_rare,914,41027,unbiased,biased,1
B_red_rare,915,41028,unbiased,biased,1
B_red_rare,916,41029,unbiased,biased,1
B_red_rare,917,41030,unbiased,biased,1
B_red_rare,918,41031,unbiased,biased,1
B_red_rare,919,41032,unbiased,biased,2
B_red_rare,920,41033,unbiased,biased,4
B_red_rare,821,40934,unbiased,biased,1
B_red_rare,822,40935,unbiased,biased,1
B_red_rare,823,40936,unbiased,biased,1
B_red_rare,824,40937,unbiased,biased,2
B_red_rare,825,40938,unbiased,biased,2
B_red_rare,826,40939,unbiased,biased,3
B_red_rare,827,40940,unbiased,biased,1
B_red_rare,828,40941,unbiased,biased,6
B_red_rare,829,40942,unbiased,biased,1
B_red_rare,830,40943,unbiased,biased,1
B_red_rare,831,40944,unbiased,biased,1
B_red_rare,832,40945,unbiased,biased,4
B_red_rare,833,40946,unbiased,biased,1
B_red_rare,834,40947,unbiased,biased,2
B_red_rare,835,40948,unbiased,biased,2
B_red_rare,836,40949,unbiased,biased,3
B_red_rare,837,40950,unbiased,biased,1
B_red_rare,838,40951,unbiased,biased,1
B_red_rare,839,40952,unbiased,biased,3
B_red_rare,840,40953,unbiased,biased,5
B_red_rare,981,41094,unbiased,biased,2
B_red_rare,982,41095,unbiased,biased,1
B_red_rare,983,41096,unbiased,biased,1
B_red_rare,984,41097,unbiased,biased,2
B_red_rare,985,41098,unbiased,biased,1
B_red_rare,986,41099,unbiased,biased,2
B_red_rare,987,41100,unbiased,biased,1
B_red_rare,988,41101,unbiased,biased,1
B_red_rare,989,41102,unbiased,biased,1
B_red_rare,990,41103,unbiased,biased,1
B_red_rare,991,41104,unbiased,biased,3
B_red_rare,992,41105,unbiased,biased,1
B_red_rare,993,41106,unbiased,biased,1
B_red_rare,994,41107,unbiased,biased,2
B_red_rare,995,41108,unbiased,biased,1
B_red_rare,996,41109,unbiased,biased,1
B_red_rare,997,41110,unbiased,biased,1
B_red_rare,998,41111,unbiased,biased,1
B_red_rare,999,41112,unbiased,biased,1
B_red_rare,1000,41113,unbiased,biased,2
B_red_rare,961,41074,unbiased,biased,1
B_red_rare,962,41075,unbiased,biased,4
B_red_rare,963,41076,unbiased,biased,2
B_red_rare,964,41077,unbiased,biased,1
B_red_rare,965,41078,unbiased,biased,1
B_red_rare,966,41079,unbiased,biased,2
B_red_rare,967,41080,unbiased,biased,5
B_red_rare,968,41081,unbiased,biased,3
B_red_rare,969,41082,unbiased,biased,1
B_red_rare,970,41083,unbiased,biased,1
B_red_rare,971,41084,unbiased,biased,3
B_red_rare,972,41085,unbiased,biased,2
B_red_rare,973,41086,unbiased,biased,1
B_red_rare,974,41087,unbiased,biased,1
B_red_rare,975,41088,unbiased,biased,1
B_red_rare,976,41089,unbiased,biased,2
B_red_rare,977,41090,unbiased,biased,3
B_red_rare,978,41091,unbiased,biased,1
B_red_rare,979,41092,unbiased,biased,1
B_red_rare,980,41093,unbiased,biased,1
